StoreCode,SalesDate,PosNo,SalesNo,Jancode,ProductName,UsageCode,UsageName,UnitPrice,Quantity,LineAmount
0001,2026-05-01,2,1,4901001000017,牛乳1L,01,食品,220,1,220
0001,2026-05-01,2,1,4902002000018,ポテトチップス,03,菓子,130,1,130
0001,2026-05-01,2,1,4904004000027,缶チューハイ,05,酒類,180,1,180
0001,2026-05-01,2,2,4901001000024,食パン,01,食品,170,1,170
0001,2026-05-01,2,2,4905005000011,洗剤,02,日用品,320,1,320
0001,2026-05-01,2,2,4903003000019,緑茶500ml,04,飲料,140,1,140
0001,2026-05-01,3,3,4904004000027,缶チューハイ,05,酒類,180,1,180
0001,2026-05-01,3,3,4902002000018,ポテトチップス,03,菓子,130,1,130
0001,2026-05-01,3,3,4903003000026,コーラ500ml,04,飲料,160,1,160
0001,2026-05-01,3,4,4903003000026,コーラ500ml,04,飲料,170,2,340
0001,2026-05-01,2,5,4901001000017,牛乳1L,01,食品,220,1,220
0001,2026-05-01,1,6,4901001000017,牛乳1L,01,食品,220,2,440
0001,2026-05-01,1,6,4905005000035,歯ブラシ,02,日用品,280,1,280
0001,2026-05-01,1,6,4903003000019,緑茶500ml,04,飲料,140,1,140
0001,2026-05-01,1,6,4901001000024,食パン,01,食品,150,1,150
0001,2026-05-01,1,7,4901001000031,卵10個,01,食品,240,1,240
0001,2026-05-01,1,7,4902002000025,チョコレート,03,菓子,200,1,200
0001,2026-05-01,1,7,4903003000026,コーラ500ml,04,飲料,170,1,170
0001,2026-05-01,1,8,4901001000017,牛乳1L,01,食品,220,1,220
0001,2026-05-01,2,9,4905005000028,ティッシュ5箱,02,日用品,370,1,370
0001,2026-05-01,2,9,4902002000018,ポテトチップス,03,菓子,130,1,130
0001,2026-05-01,2,9,4904004000010,ビール350ml,05,酒類,230,1,230
0001,2026-05-01,2,9,4905005000035,歯ブラシ,02,日用品,290,1,290
0001,2026-05-01,1,10,4901001000031,卵10個,01,食品,240,2,480
0001,2026-05-01,1,10,4903003000019,緑茶500ml,04,飲料,160,1,160
0001,2026-05-01,1,10,4901001000017,牛乳1L,01,食品,220,1,220
0001,2026-05-01,2,11,4905005000028,ティッシュ5箱,02,日用品,360,2,720
0001,2026-05-01,2,11,4905005000035,歯ブラシ,02,日用品,290,2,580
0001,2026-05-01,2,12,4905005000011,洗剤,02,日用品,320,1,320
0001,2026-05-01,2,12,4904004000010,ビール350ml,05,酒類,230,1,230
0001,2026-05-01,2,12,4903003000026,コーラ500ml,04,飲料,160,1,160
0001,2026-05-01,2,12,4905005000035,歯ブラシ,02,日用品,290,1,290
0001,2026-05-01,1,13,4904004000027,缶チューハイ,05,酒類,200,1,200
0001,2026-05-01,1,13,4904004000010,ビール350ml,05,酒類,250,1,250
0001,2026-05-01,1,13,4901001000017,牛乳1L,01,食品,240,2,480
0001,2026-05-01,1,13,4901001000024,食パン,01,食品,150,1,150
0001,2026-05-01,3,14,4901001000024,食パン,01,食品,160,2,320
0001,2026-05-01,2,15,4901001000024,食パン,01,食品,160,1,160
0001,2026-05-01,2,15,4905005000035,歯ブラシ,02,日用品,290,1,290
0001,2026-05-01,2,15,4905005000028,ティッシュ5箱,02,日用品,360,1,360
0001,2026-05-01,2,15,4903003000019,緑茶500ml,04,飲料,150,1,150
0001,2026-05-01,1,16,4903003000019,緑茶500ml,04,飲料,140,2,280
0001,2026-05-01,1,16,4904004000010,ビール350ml,05,酒類,230,1,230
0001,2026-05-01,1,17,4902002000025,チョコレート,03,菓子,200,3,600
0001,2026-05-01,1,17,4903003000019,緑茶500ml,04,飲料,160,1,160
0001,2026-05-01,1,17,4902002000018,ポテトチップス,03,菓子,150,2,300
0001,2026-05-01,1,17,4901001000031,卵10個,01,食品,250,2,500
0001,2026-05-01,3,18,4902002000025,チョコレート,03,菓子,200,1,200
0001,2026-05-01,3,18,4905005000011,洗剤,02,日用品,320,1,320
0001,2026-05-01,3,19,4905005000011,洗剤,02,日用品,320,1,320
0001,2026-05-01,3,19,4903003000019,緑茶500ml,04,飲料,140,1,140
0001,2026-05-01,1,20,4903003000019,緑茶500ml,04,飲料,140,2,280
0001,2026-05-01,1,21,4905005000035,歯ブラシ,02,日用品,290,1,290
0001,2026-05-01,1,21,4903003000026,コーラ500ml,04,飲料,160,1,160
0001,2026-05-01,1,21,4905005000011,洗剤,02,日用品,320,1,320
0001,2026-05-01,2,22,4902002000025,チョコレート,03,菓子,220,1,220
0001,2026-05-01,2,23,4904004000010,ビール350ml,05,酒類,230,3,690
0001,2026-05-01,2,24,4901001000031,卵10個,01,食品,240,2,480
0001,2026-05-01,3,25,4901001000017,牛乳1L,01,食品,220,1,220
0001,2026-05-01,3,25,4904004000027,缶チューハイ,05,酒類,180,1,180
0001,2026-05-01,3,25,4902002000018,ポテトチップス,03,菓子,130,1,130
0001,2026-05-01,2,26,4905005000035,歯ブラシ,02,日用品,280,1,280
0001,2026-05-01,2,26,4901001000024,食パン,01,食品,170,1,170
0001,2026-05-01,2,27,4904004000027,缶チューハイ,05,酒類,190,1,190
0001,2026-05-01,2,27,4903003000026,コーラ500ml,04,飲料,170,1,170
0001,2026-05-01,2,27,4905005000035,歯ブラシ,02,日用品,280,1,280
0001,2026-05-01,1,28,4904004000010,ビール350ml,05,酒類,250,2,500
0001,2026-05-01,3,29,4904004000027,缶チューハイ,05,酒類,190,1,190
0001,2026-05-01,3,29,4905005000011,洗剤,02,日用品,320,1,320
0001,2026-05-01,2,30,4904004000010,ビール350ml,05,酒類,230,2,460
0001,2026-05-01,2,30,4905005000028,ティッシュ5箱,02,日用品,360,2,720
0001,2026-05-01,2,30,4903003000019,緑茶500ml,04,飲料,140,2,280
0001,2026-05-01,1,31,4901001000017,牛乳1L,01,食品,220,1,220
0001,2026-05-01,1,31,4902002000018,ポテトチップス,03,菓子,130,2,260
0001,2026-05-01,3,32,4905005000011,洗剤,02,日用品,320,1,320
0001,2026-05-01,3,32,4901001000017,牛乳1L,01,食品,220,1,220
0001,2026-05-01,3,32,4905005000028,ティッシュ5箱,02,日用品,360,2,720
0001,2026-05-01,3,33,4904004000027,缶チューハイ,05,酒類,180,2,360
0001,2026-05-01,1,34,4903003000019,緑茶500ml,04,飲料,160,1,160
0001,2026-05-01,1,34,4903003000026,コーラ500ml,04,飲料,160,1,160
0001,2026-05-01,1,34,4905005000028,ティッシュ5箱,02,日用品,360,1,360
0001,2026-05-01,3,35,4905005000011,洗剤,02,日用品,320,1,320
0001,2026-05-01,3,35,4901001000024,食パン,01,食品,160,1,160
0001,2026-05-01,1,36,4904004000027,缶チューハイ,05,酒類,180,1,180
0001,2026-05-01,1,36,4901001000024,食パン,01,食品,170,1,170
0001,2026-05-01,1,37,4901001000017,牛乳1L,01,食品,240,1,240
0001,2026-05-01,1,37,4905005000011,洗剤,02,日用品,320,2,640
0001,2026-05-01,1,37,4903003000019,緑茶500ml,04,飲料,140,1,140
0001,2026-05-01,1,38,4903003000026,コーラ500ml,04,飲料,170,1,170
0001,2026-05-01,1,38,4904004000010,ビール350ml,05,酒類,230,1,230
0002,2026-05-01,1,1,4903003000019,緑茶500ml,04,飲料,160,2,320
0002,2026-05-01,1,1,4905005000011,洗剤,02,日用品,330,1,330
0002,2026-05-01,1,2,4901001000017,牛乳1L,01,食品,220,1,220
0002,2026-05-01,1,2,4905005000035,歯ブラシ,02,日用品,280,2,560
0002,2026-05-01,3,3,4903003000019,緑茶500ml,04,飲料,150,1,150
0002,2026-05-01,3,3,4905005000035,歯ブラシ,02,日用品,290,1,290
0002,2026-05-01,3,3,4901001000017,牛乳1L,01,食品,220,1,220
0002,2026-05-01,3,3,4904004000010,ビール350ml,05,酒類,250,1,250
0002,2026-05-01,1,4,4905005000011,洗剤,02,日用品,320,1,320
0002,2026-05-01,1,4,4901001000017,牛乳1L,01,食品,220,2,440
0002,2026-05-01,1,4,4905005000028,ティッシュ5箱,02,日用品,360,1,360
0002,2026-05-01,2,5,4905005000028,ティッシュ5箱,02,日用品,360,2,720
0002,2026-05-01,2,5,4904004000027,缶チューハイ,05,酒類,200,1,200
0002,2026-05-01,2,5,4905005000011,洗剤,02,日用品,320,1,320
0002,2026-05-01,1,6,4904004000027,缶チューハイ,05,酒類,180,1,180
0002,2026-05-01,1,6,4901001000031,卵10個,01,食品,240,1,240
0002,2026-05-01,3,7,4902002000025,チョコレート,03,菓子,200,1,200
0002,2026-05-01,3,8,4901001000017,牛乳1L,01,食品,220,1,220
0002,2026-05-01,3,8,4905005000035,歯ブラシ,02,日用品,290,1,290
0002,2026-05-01,3,8,4903003000019,緑茶500ml,04,飲料,150,1,150
0002,2026-05-01,3,8,4904004000027,缶チューハイ,05,酒類,180,2,360
0002,2026-05-01,1,9,4901001000017,牛乳1L,01,食品,240,2,480
0002,2026-05-01,3,10,4901001000031,卵10個,01,食品,240,1,240
0002,2026-05-01,3,11,4902002000025,チョコレート,03,菓子,210,1,210
0002,2026-05-01,1,12,4901001000031,卵10個,01,食品,260,1,260
0002,2026-05-01,1,12,4904004000010,ビール350ml,05,酒類,230,1,230
0002,2026-05-01,1,12,4905005000011,洗剤,02,日用品,340,1,340
0002,2026-05-01,1,12,4904004000027,缶チューハイ,05,酒類,200,1,200
0002,2026-05-01,2,13,4904004000027,缶チューハイ,05,酒類,180,1,180
0002,2026-05-01,2,13,4904004000010,ビール350ml,05,酒類,230,1,230
0002,2026-05-01,2,14,4902002000025,チョコレート,03,菓子,200,1,200
0002,2026-05-01,3,15,4903003000019,緑茶500ml,04,飲料,140,1,140
0002,2026-05-01,3,15,4905005000028,ティッシュ5箱,02,日用品,370,1,370
0002,2026-05-01,1,16,4903003000026,コーラ500ml,04,飲料,180,1,180
0002,2026-05-01,1,16,4905005000028,ティッシュ5箱,02,日用品,360,1,360
0002,2026-05-01,1,17,4904004000027,缶チューハイ,05,酒類,190,1,190
0002,2026-05-01,1,17,4901001000024,食パン,01,食品,150,1,150
0002,2026-05-01,1,17,4903003000026,コーラ500ml,04,飲料,160,1,160
0002,2026-05-01,1,17,4901001000031,卵10個,01,食品,250,1,250
0002,2026-05-01,2,18,4903003000026,コーラ500ml,04,飲料,160,2,320
0002,2026-05-01,2,18,4903003000019,緑茶500ml,04,飲料,160,1,160
0002,2026-05-01,2,18,4902002000018,ポテトチップス,03,菓子,130,1,130
0002,2026-05-01,2,18,4901001000031,卵10個,01,食品,250,1,250
0002,2026-05-01,2,19,4904004000010,ビール350ml,05,酒類,230,1,230
0002,2026-05-01,2,19,4902002000025,チョコレート,03,菓子,220,1,220
0002,2026-05-01,2,19,4902002000018,ポテトチップス,03,菓子,150,1,150
0002,2026-05-01,2,20,4905005000035,歯ブラシ,02,日用品,280,2,560
0002,2026-05-01,2,20,4904004000010,ビール350ml,05,酒類,240,1,240
0002,2026-05-01,2,20,4903003000019,緑茶500ml,04,飲料,160,1,160
0002,2026-05-01,2,20,4904004000027,缶チューハイ,05,酒類,200,1,200
0002,2026-05-01,1,21,4901001000031,卵10個,01,食品,260,2,520
0002,2026-05-01,1,21,4903003000019,緑茶500ml,04,飲料,140,1,140
0002,2026-05-01,1,21,4905005000028,ティッシュ5箱,02,日用品,360,1,360
0002,2026-05-01,1,22,4902002000018,ポテトチップス,03,菓子,130,1,130
0002,2026-05-01,2,23,4905005000011,洗剤,02,日用品,320,1,320
0002,2026-05-01,1,24,4903003000019,緑茶500ml,04,飲料,150,1,150
0002,2026-05-01,1,24,4901001000024,食パン,01,食品,160,1,160
0002,2026-05-01,1,24,4905005000028,ティッシュ5箱,02,日用品,370,1,370
0002,2026-05-01,1,24,4901001000031,卵10個,01,食品,240,2,480
0002,2026-05-01,3,25,4902002000018,ポテトチップス,03,菓子,130,1,130
0002,2026-05-01,3,25,4905005000028,ティッシュ5箱,02,日用品,380,1,380
0002,2026-05-01,3,25,4902002000025,チョコレート,03,菓子,200,1,200
0002,2026-05-01,3,25,4905005000011,洗剤,02,日用品,320,2,640
0002,2026-05-01,1,26,4904004000027,缶チューハイ,05,酒類,180,1,180
0002,2026-05-01,1,26,4901001000024,食パン,01,食品,150,2,300
0002,2026-05-01,3,27,4905005000011,洗剤,02,日用品,320,1,320
0002,2026-05-01,3,27,4903003000026,コーラ500ml,04,飲料,170,1,170
0002,2026-05-01,3,27,4902002000025,チョコレート,03,菓子,200,1,200
0002,2026-05-01,3,28,4901001000031,卵10個,01,食品,240,1,240
0002,2026-05-01,3,28,4905005000035,歯ブラシ,02,日用品,280,2,560
0002,2026-05-01,1,29,4905005000035,歯ブラシ,02,日用品,280,3,840
0002,2026-05-01,1,29,4904004000010,ビール350ml,05,酒類,240,2,480
0002,2026-05-01,1,29,4903003000019,緑茶500ml,04,飲料,140,1,140
0002,2026-05-01,1,29,4905005000011,洗剤,02,日用品,320,1,320
0002,2026-05-01,2,30,4905005000011,洗剤,02,日用品,320,1,320
0002,2026-05-01,2,30,4901001000017,牛乳1L,01,食品,230,1,230
0002,2026-05-01,2,30,4901001000031,卵10個,01,食品,240,1,240
0002,2026-05-01,3,31,4903003000026,コーラ500ml,04,飲料,180,1,180
0002,2026-05-01,3,31,4902002000018,ポテトチップス,03,菓子,150,1,150
0002,2026-05-01,3,31,4901001000017,牛乳1L,01,食品,220,1,220
0002,2026-05-01,1,32,4902002000018,ポテトチップス,03,菓子,150,1,150
0002,2026-05-01,1,32,4903003000019,緑茶500ml,04,飲料,140,1,140
0002,2026-05-01,1,32,4904004000010,ビール350ml,05,酒類,240,1,240
0002,2026-05-01,3,33,4905005000011,洗剤,02,日用品,340,1,340
0002,2026-05-01,3,33,4901001000024,食パン,01,食品,150,2,300
0002,2026-05-01,3,33,4901001000031,卵10個,01,食品,260,1,260
0002,2026-05-01,2,34,4903003000026,コーラ500ml,04,飲料,170,1,170
0002,2026-05-01,1,35,4904004000027,缶チューハイ,05,酒類,180,1,180
0002,2026-05-01,1,35,4904004000010,ビール350ml,05,酒類,240,1,240
0002,2026-05-01,1,35,4901001000024,食パン,01,食品,150,1,150
0002,2026-05-01,2,36,4905005000011,洗剤,02,日用品,320,1,320
0002,2026-05-01,2,36,4901001000024,食パン,01,食品,170,1,170
0002,2026-05-01,2,36,4902002000018,ポテトチップス,03,菓子,130,1,130
0002,2026-05-01,1,37,4903003000019,緑茶500ml,04,飲料,160,1,160
0002,2026-05-01,1,37,4902002000025,チョコレート,03,菓子,220,1,220
0002,2026-05-01,1,37,4901001000024,食パン,01,食品,150,1,150
0002,2026-05-01,3,38,4905005000011,洗剤,02,日用品,320,1,320
0002,2026-05-01,3,38,4904004000010,ビール350ml,05,酒類,230,1,230
0002,2026-05-01,3,38,4903003000019,緑茶500ml,04,飲料,160,1,160
0002,2026-05-01,1,39,4902002000025,チョコレート,03,菓子,200,1,200
0002,2026-05-01,1,39,4903003000019,緑茶500ml,04,飲料,140,1,140
0002,2026-05-01,1,39,4901001000031,卵10個,01,食品,260,1,260
0002,2026-05-01,1,39,4905005000035,歯ブラシ,02,日用品,280,1,280
0002,2026-05-01,2,40,4905005000035,歯ブラシ,02,日用品,280,1,280
0002,2026-05-01,2,40,4903003000019,緑茶500ml,04,飲料,160,1,160
0002,2026-05-01,3,41,4903003000026,コーラ500ml,04,飲料,170,3,510
0002,2026-05-01,3,41,4901001000031,卵10個,01,食品,260,1,260
0002,2026-05-01,3,41,4904004000027,缶チューハイ,05,酒類,180,1,180
0002,2026-05-01,3,42,4905005000011,洗剤,02,日用品,320,1,320
0002,2026-05-01,3,42,4903003000019,緑茶500ml,04,飲料,150,2,300
0002,2026-05-01,1,43,4905005000035,歯ブラシ,02,日用品,280,1,280
0002,2026-05-01,3,44,4901001000031,卵10個,01,食品,260,2,520
0002,2026-05-01,1,45,4904004000010,ビール350ml,05,酒類,230,1,230
0002,2026-05-01,1,45,4905005000035,歯ブラシ,02,日用品,280,1,280
0002,2026-05-01,1,45,4901001000031,卵10個,01,食品,240,1,240
0002,2026-05-01,1,46,4905005000028,ティッシュ5箱,02,日用品,370,1,370
0002,2026-05-01,1,46,4901001000024,食パン,01,食品,160,1,160
0002,2026-05-01,1,46,4904004000010,ビール350ml,05,酒類,230,1,230
0002,2026-05-01,1,46,4903003000026,コーラ500ml,04,飲料,180,1,180
0002,2026-05-01,3,47,4903003000026,コーラ500ml,04,飲料,160,1,160
0002,2026-05-01,3,47,4902002000018,ポテトチップス,03,菓子,130,1,130
0001,2026-05-02,1,39,4903003000026,コーラ500ml,04,飲料,160,1,160
0001,2026-05-02,1,39,4905005000011,洗剤,02,日用品,320,1,320
0001,2026-05-02,2,40,4902002000025,チョコレート,03,菓子,210,1,210
0001,2026-05-02,2,40,4904004000027,缶チューハイ,05,酒類,200,1,200
0001,2026-05-02,2,40,4903003000026,コーラ500ml,04,飲料,160,1,160
0001,2026-05-02,2,40,4902002000018,ポテトチップス,03,菓子,130,1,130
0001,2026-05-02,1,41,4903003000026,コーラ500ml,04,飲料,160,1,160
0001,2026-05-02,1,41,4901001000031,卵10個,01,食品,250,1,250
0001,2026-05-02,1,41,4903003000019,緑茶500ml,04,飲料,140,1,140
0001,2026-05-02,3,42,4905005000035,歯ブラシ,02,日用品,280,1,280
0001,2026-05-02,1,43,4901001000024,食パン,01,食品,150,2,300
0001,2026-05-02,1,43,4904004000010,ビール350ml,05,酒類,230,1,230
0001,2026-05-02,1,44,4903003000019,緑茶500ml,04,飲料,140,1,140
0001,2026-05-02,1,45,4901001000024,食パン,01,食品,150,1,150
0001,2026-05-02,1,45,4902002000025,チョコレート,03,菓子,200,1,200
0001,2026-05-02,3,46,4902002000025,チョコレート,03,菓子,210,1,210
0001,2026-05-02,1,47,4905005000028,ティッシュ5箱,02,日用品,370,1,370
0001,2026-05-02,1,47,4903003000026,コーラ500ml,04,飲料,180,1,180
0001,2026-05-02,1,47,4904004000010,ビール350ml,05,酒類,230,2,460
0001,2026-05-02,2,48,4904004000010,ビール350ml,05,酒類,240,2,480
0001,2026-05-02,2,48,4904004000027,缶チューハイ,05,酒類,180,1,180
0001,2026-05-02,2,48,4902002000018,ポテトチップス,03,菓子,150,1,150
0001,2026-05-02,2,49,4903003000026,コーラ500ml,04,飲料,160,1,160
0001,2026-05-02,3,50,4905005000011,洗剤,02,日用品,340,1,340
0001,2026-05-02,3,50,4902002000025,チョコレート,03,菓子,210,1,210
0001,2026-05-02,3,50,4903003000026,コーラ500ml,04,飲料,160,1,160
0001,2026-05-02,3,50,4902002000018,ポテトチップス,03,菓子,130,2,260
0001,2026-05-02,1,51,4903003000026,コーラ500ml,04,飲料,170,1,170
0001,2026-05-02,1,51,4904004000027,缶チューハイ,05,酒類,190,1,190
0001,2026-05-02,3,52,4903003000026,コーラ500ml,04,飲料,160,3,480
0001,2026-05-02,3,52,4902002000025,チョコレート,03,菓子,200,1,200
0001,2026-05-02,1,53,4901001000031,卵10個,01,食品,240,3,720
0001,2026-05-02,1,53,4905005000011,洗剤,02,日用品,340,2,680
0001,2026-05-02,1,53,4905005000035,歯ブラシ,02,日用品,280,1,280
0001,2026-05-02,1,53,4903003000026,コーラ500ml,04,飲料,180,2,360
0001,2026-05-02,3,54,4901001000031,卵10個,01,食品,250,1,250
0001,2026-05-02,3,54,4903003000019,緑茶500ml,04,飲料,160,2,320
0001,2026-05-02,3,54,4905005000011,洗剤,02,日用品,320,2,640
0001,2026-05-02,3,54,4905005000028,ティッシュ5箱,02,日用品,360,1,360
0001,2026-05-02,2,55,4903003000026,コーラ500ml,04,飲料,160,1,160
0001,2026-05-02,3,56,4905005000028,ティッシュ5箱,02,日用品,360,1,360
0001,2026-05-02,3,56,4901001000017,牛乳1L,01,食品,240,1,240
0001,2026-05-02,3,56,4904004000027,缶チューハイ,05,酒類,180,1,180
0001,2026-05-02,3,56,4902002000025,チョコレート,03,菓子,200,1,200
0001,2026-05-02,1,57,4902002000025,チョコレート,03,菓子,220,1,220
0001,2026-05-02,1,57,4905005000035,歯ブラシ,02,日用品,280,2,560
0001,2026-05-02,1,57,4902002000018,ポテトチップス,03,菓子,130,1,130
0001,2026-05-02,1,58,4901001000017,牛乳1L,01,食品,220,1,220
0001,2026-05-02,1,58,4904004000010,ビール350ml,05,酒類,230,1,230
0001,2026-05-02,1,58,4905005000028,ティッシュ5箱,02,日用品,360,1,360
0001,2026-05-02,2,59,4901001000017,牛乳1L,01,食品,220,2,440
0001,2026-05-02,1,60,4902002000018,ポテトチップス,03,菓子,130,1,130
0001,2026-05-02,1,60,4905005000028,ティッシュ5箱,02,日用品,370,1,370
0001,2026-05-02,1,60,4903003000019,緑茶500ml,04,飲料,140,2,280
0001,2026-05-02,1,60,4902002000025,チョコレート,03,菓子,200,1,200
0001,2026-05-02,2,61,4903003000026,コーラ500ml,04,飲料,180,1,180
0001,2026-05-02,2,61,4904004000010,ビール350ml,05,酒類,230,1,230
0001,2026-05-02,2,61,4901001000017,牛乳1L,01,食品,220,1,220
0001,2026-05-02,2,62,4904004000027,缶チューハイ,05,酒類,180,1,180
0001,2026-05-02,2,62,4902002000018,ポテトチップス,03,菓子,130,2,260
0001,2026-05-02,2,62,4905005000028,ティッシュ5箱,02,日用品,380,1,380
0001,2026-05-02,2,62,4902002000025,チョコレート,03,菓子,200,1,200
0001,2026-05-02,3,63,4905005000011,洗剤,02,日用品,320,1,320
0001,2026-05-02,3,63,4902002000025,チョコレート,03,菓子,200,1,200
0001,2026-05-02,3,63,4901001000017,牛乳1L,01,食品,230,1,230
0001,2026-05-02,1,64,4901001000031,卵10個,01,食品,240,2,480
0001,2026-05-02,1,64,4905005000035,歯ブラシ,02,日用品,290,2,580
0001,2026-05-02,1,64,4905005000011,洗剤,02,日用品,340,1,340
0001,2026-05-02,3,65,4904004000027,缶チューハイ,05,酒類,180,1,180
0001,2026-05-02,3,65,4903003000019,緑茶500ml,04,飲料,140,2,280
0001,2026-05-02,3,65,4905005000011,洗剤,02,日用品,320,1,320
0001,2026-05-02,2,66,4905005000035,歯ブラシ,02,日用品,290,1,290
0001,2026-05-02,2,66,4901001000024,食パン,01,食品,150,1,150
0001,2026-05-02,2,66,4905005000011,洗剤,02,日用品,320,2,640
0001,2026-05-02,1,67,4903003000026,コーラ500ml,04,飲料,160,1,160
0001,2026-05-02,1,67,4904004000010,ビール350ml,05,酒類,230,3,690
0001,2026-05-02,1,68,4904004000010,ビール350ml,05,酒類,230,1,230
0001,2026-05-02,1,68,4902002000025,チョコレート,03,菓子,200,1,200
0001,2026-05-02,1,68,4901001000031,卵10個,01,食品,260,1,260
0001,2026-05-02,2,69,4905005000011,洗剤,02,日用品,320,1,320
0001,2026-05-02,2,69,4903003000019,緑茶500ml,04,飲料,140,1,140
0001,2026-05-02,1,70,4903003000019,緑茶500ml,04,飲料,140,1,140
0001,2026-05-02,1,70,4905005000011,洗剤,02,日用品,320,1,320
0001,2026-05-02,1,70,4903003000026,コーラ500ml,04,飲料,160,1,160
0001,2026-05-02,1,71,4901001000024,食パン,01,食品,150,1,150
0001,2026-05-02,1,71,4901001000031,卵10個,01,食品,260,1,260
0001,2026-05-02,1,71,4902002000018,ポテトチップス,03,菓子,130,2,260
0001,2026-05-02,1,71,4905005000035,歯ブラシ,02,日用品,280,1,280
0001,2026-05-02,3,72,4905005000028,ティッシュ5箱,02,日用品,370,2,740
0001,2026-05-02,3,72,4902002000018,ポテトチップス,03,菓子,150,1,150
0001,2026-05-02,3,72,4904004000027,缶チューハイ,05,酒類,180,1,180
0001,2026-05-02,2,73,4901001000017,牛乳1L,01,食品,220,1,220
0001,2026-05-02,2,73,4904004000010,ビール350ml,05,酒類,230,1,230
0001,2026-05-02,2,74,4902002000018,ポテトチップス,03,菓子,130,1,130
0001,2026-05-02,3,75,4903003000019,緑茶500ml,04,飲料,140,1,140
0001,2026-05-02,3,75,4901001000017,牛乳1L,01,食品,220,1,220
0001,2026-05-02,3,75,4904004000010,ビール350ml,05,酒類,250,1,250
0001,2026-05-02,2,76,4901001000017,牛乳1L,01,食品,220,1,220
0001,2026-05-02,2,76,4901001000024,食パン,01,食品,150,1,150
0001,2026-05-02,2,76,4905005000028,ティッシュ5箱,02,日用品,370,1,370
0001,2026-05-02,1,77,4902002000025,チョコレート,03,菓子,200,1,200
0001,2026-05-02,1,77,4902002000018,ポテトチップス,03,菓子,150,1,150
0001,2026-05-02,2,78,4904004000010,ビール350ml,05,酒類,250,1,250
0001,2026-05-02,2,78,4905005000011,洗剤,02,日用品,330,1,330
0001,2026-05-02,2,78,4902002000025,チョコレート,03,菓子,220,1,220
0001,2026-05-02,3,79,4905005000028,ティッシュ5箱,02,日用品,370,1,370
0001,2026-05-02,3,79,4903003000026,コーラ500ml,04,飲料,180,1,180
0001,2026-05-02,3,79,4905005000035,歯ブラシ,02,日用品,280,1,280
0001,2026-05-02,3,79,4904004000027,缶チューハイ,05,酒類,180,1,180
0001,2026-05-02,3,80,4901001000017,牛乳1L,01,食品,240,1,240
0001,2026-05-02,3,81,4901001000024,食パン,01,食品,170,1,170
0002,2026-05-02,3,48,4901001000024,食パン,01,食品,170,1,170
0002,2026-05-02,3,49,4905005000035,歯ブラシ,02,日用品,280,3,840
0002,2026-05-02,3,49,4901001000024,食パン,01,食品,170,1,170
0002,2026-05-02,2,50,4903003000026,コーラ500ml,04,飲料,160,1,160
0002,2026-05-02,1,51,4902002000025,チョコレート,03,菓子,200,2,400
0002,2026-05-02,1,51,4901001000031,卵10個,01,食品,240,1,240
0002,2026-05-02,3,52,4905005000011,洗剤,02,日用品,320,2,640
0002,2026-05-02,3,52,4905005000028,ティッシュ5箱,02,日用品,360,1,360
0002,2026-05-02,1,53,4905005000028,ティッシュ5箱,02,日用品,370,1,370
0002,2026-05-02,1,54,4905005000011,洗剤,02,日用品,320,1,320
0002,2026-05-02,1,54,4901001000024,食パン,01,食品,150,1,150
0002,2026-05-02,1,54,4903003000019,緑茶500ml,04,飲料,160,2,320
0002,2026-05-02,1,54,4903003000026,コーラ500ml,04,飲料,160,2,320
0002,2026-05-02,3,55,4905005000011,洗剤,02,日用品,320,1,320
0002,2026-05-02,1,56,4903003000019,緑茶500ml,04,飲料,140,1,140
0002,2026-05-02,1,56,4904004000010,ビール350ml,05,酒類,240,1,240
0002,2026-05-02,1,56,4905005000035,歯ブラシ,02,日用品,280,1,280
0002,2026-05-02,1,56,4901001000024,食パン,01,食品,170,1,170
0002,2026-05-02,3,57,4901001000031,卵10個,01,食品,240,1,240
0002,2026-05-02,3,57,4901001000024,食パン,01,食品,150,1,150
0002,2026-05-02,3,57,4902002000025,チョコレート,03,菓子,200,1,200
0002,2026-05-02,3,58,4905005000035,歯ブラシ,02,日用品,280,1,280
0002,2026-05-02,3,58,4901001000017,牛乳1L,01,食品,220,2,440
0002,2026-05-02,3,59,4902002000018,ポテトチップス,03,菓子,130,1,130
0002,2026-05-02,3,59,4901001000024,食パン,01,食品,150,1,150
0002,2026-05-02,3,59,4903003000019,緑茶500ml,04,飲料,140,1,140
0002,2026-05-02,3,59,4901001000017,牛乳1L,01,食品,220,1,220
0002,2026-05-02,3,60,4901001000024,食パン,01,食品,150,1,150
0002,2026-05-02,3,60,4902002000018,ポテトチップス,03,菓子,130,1,130
0002,2026-05-02,3,60,4903003000026,コーラ500ml,04,飲料,160,2,320
0002,2026-05-02,3,60,4901001000031,卵10個,01,食品,240,2,480
0002,2026-05-02,1,61,4905005000035,歯ブラシ,02,日用品,280,1,280
0002,2026-05-02,1,61,4903003000019,緑茶500ml,04,飲料,160,1,160
0002,2026-05-02,3,62,4901001000017,牛乳1L,01,食品,220,1,220
0002,2026-05-02,3,63,4905005000035,歯ブラシ,02,日用品,280,2,560
0002,2026-05-02,3,63,4903003000019,緑茶500ml,04,飲料,140,1,140
0002,2026-05-02,3,63,4901001000031,卵10個,01,食品,240,1,240
0002,2026-05-02,3,63,4903003000026,コーラ500ml,04,飲料,160,1,160
0002,2026-05-02,2,64,4901001000017,牛乳1L,01,食品,240,1,240
0002,2026-05-02,2,65,4904004000027,缶チューハイ,05,酒類,180,2,360
0002,2026-05-02,2,65,4902002000018,ポテトチップス,03,菓子,130,1,130
0002,2026-05-02,2,65,4905005000028,ティッシュ5箱,02,日用品,360,1,360
0002,2026-05-02,2,65,4903003000026,コーラ500ml,04,飲料,180,2,360
0002,2026-05-02,3,66,4905005000028,ティッシュ5箱,02,日用品,360,1,360
0002,2026-05-02,3,66,4901001000031,卵10個,01,食品,260,1,260
0002,2026-05-02,3,66,4903003000026,コーラ500ml,04,飲料,180,1,180
0002,2026-05-02,3,66,4905005000011,洗剤,02,日用品,320,1,320
0002,2026-05-02,2,67,4905005000035,歯ブラシ,02,日用品,280,1,280
0002,2026-05-02,2,68,4903003000026,コーラ500ml,04,飲料,160,1,160
0002,2026-05-02,1,69,4905005000028,ティッシュ5箱,02,日用品,380,1,380
0002,2026-05-02,1,69,4903003000026,コーラ500ml,04,飲料,180,1,180
0002,2026-05-02,1,70,4904004000010,ビール350ml,05,酒類,230,1,230
0002,2026-05-02,1,70,4903003000026,コーラ500ml,04,飲料,180,1,180
0002,2026-05-02,3,71,4905005000035,歯ブラシ,02,日用品,300,1,300
0002,2026-05-02,3,71,4903003000019,緑茶500ml,04,飲料,140,2,280
0002,2026-05-02,3,71,4904004000010,ビール350ml,05,酒類,230,1,230
0002,2026-05-02,3,71,4905005000011,洗剤,02,日用品,320,2,640
0002,2026-05-02,3,72,4901001000024,食パン,01,食品,160,1,160
0002,2026-05-02,3,72,4901001000017,牛乳1L,01,食品,220,2,440
0002,2026-05-02,3,72,4903003000019,緑茶500ml,04,飲料,140,1,140
0002,2026-05-02,3,72,4904004000027,缶チューハイ,05,酒類,180,2,360
0002,2026-05-02,1,73,4901001000017,牛乳1L,01,食品,220,1,220
0002,2026-05-02,1,73,4902002000018,ポテトチップス,03,菓子,130,1,130
0002,2026-05-02,3,74,4904004000010,ビール350ml,05,酒類,230,1,230
0002,2026-05-02,3,74,4901001000024,食パン,01,食品,150,1,150
0002,2026-05-02,3,74,4905005000011,洗剤,02,日用品,320,1,320
0002,2026-05-02,3,74,4902002000025,チョコレート,03,菓子,200,1,200
0002,2026-05-02,2,75,4905005000011,洗剤,02,日用品,340,1,340
0002,2026-05-02,2,75,4901001000031,卵10個,01,食品,240,1,240
0002,2026-05-02,2,75,4903003000026,コーラ500ml,04,飲料,160,1,160
0002,2026-05-02,2,75,4904004000010,ビール350ml,05,酒類,250,1,250
0002,2026-05-02,3,76,4904004000027,缶チューハイ,05,酒類,190,1,190
0002,2026-05-02,3,76,4905005000035,歯ブラシ,02,日用品,290,1,290
0002,2026-05-02,3,76,4901001000024,食パン,01,食品,150,1,150
0002,2026-05-02,3,76,4901001000017,牛乳1L,01,食品,220,1,220
0002,2026-05-02,1,77,4902002000025,チョコレート,03,菓子,210,1,210
0002,2026-05-02,1,77,4904004000010,ビール350ml,05,酒類,230,1,230
0002,2026-05-02,1,77,4903003000019,緑茶500ml,04,飲料,140,1,140
0002,2026-05-02,1,77,4905005000011,洗剤,02,日用品,330,1,330
0002,2026-05-02,1,78,4904004000010,ビール350ml,05,酒類,250,1,250
0002,2026-05-02,3,79,4905005000035,歯ブラシ,02,日用品,280,1,280
0002,2026-05-02,3,79,4901001000031,卵10個,01,食品,240,1,240
0002,2026-05-02,2,80,4901001000024,食パン,01,食品,170,1,170
0002,2026-05-02,2,80,4901001000017,牛乳1L,01,食品,220,1,220
0002,2026-05-02,2,80,4902002000025,チョコレート,03,菓子,200,1,200
0002,2026-05-02,1,81,4904004000010,ビール350ml,05,酒類,230,2,460
0002,2026-05-02,1,81,4905005000035,歯ブラシ,02,日用品,300,1,300
0002,2026-05-02,1,81,4903003000019,緑茶500ml,04,飲料,150,1,150
0002,2026-05-02,1,81,4902002000025,チョコレート,03,菓子,200,1,200
0002,2026-05-02,3,82,4901001000031,卵10個,01,食品,250,2,500
0002,2026-05-02,3,83,4901001000024,食パン,01,食品,150,1,150
0002,2026-05-02,3,83,4901001000017,牛乳1L,01,食品,220,1,220
0002,2026-05-02,3,84,4904004000010,ビール350ml,05,酒類,230,1,230
0002,2026-05-02,3,84,4903003000026,コーラ500ml,04,飲料,160,1,160
0002,2026-05-02,3,84,4905005000035,歯ブラシ,02,日用品,300,1,300
0002,2026-05-02,3,84,4902002000025,チョコレート,03,菓子,210,2,420
0002,2026-05-02,2,85,4904004000010,ビール350ml,05,酒類,240,1,240
0002,2026-05-02,2,86,4902002000025,チョコレート,03,菓子,200,1,200
0002,2026-05-02,2,87,4902002000018,ポテトチップス,03,菓子,130,1,130
0002,2026-05-02,2,87,4901001000017,牛乳1L,01,食品,240,1,240
0002,2026-05-02,2,88,4903003000026,コーラ500ml,04,飲料,160,1,160
0002,2026-05-02,2,88,4905005000011,洗剤,02,日用品,320,2,640
0002,2026-05-02,2,88,4902002000025,チョコレート,03,菓子,200,1,200
0002,2026-05-02,1,89,4903003000026,コーラ500ml,04,飲料,160,2,320
0002,2026-05-02,1,89,4904004000010,ビール350ml,05,酒類,240,1,240
0001,2026-05-03,3,82,4903003000019,緑茶500ml,04,飲料,140,1,140
0001,2026-05-03,3,82,4902002000025,チョコレート,03,菓子,220,1,220
0001,2026-05-03,1,83,4901001000017,牛乳1L,01,食品,220,1,220
0001,2026-05-03,1,83,4901001000031,卵10個,01,食品,260,1,260
0001,2026-05-03,1,83,4904004000027,缶チューハイ,05,酒類,180,2,360
0001,2026-05-03,1,83,4902002000025,チョコレート,03,菓子,210,1,210
0001,2026-05-03,3,84,4905005000011,洗剤,02,日用品,320,1,320
0001,2026-05-03,3,84,4903003000019,緑茶500ml,04,飲料,140,1,140
0001,2026-05-03,3,84,4901001000024,食パン,01,食品,170,1,170
0001,2026-05-03,2,85,4902002000025,チョコレート,03,菓子,220,3,660
0001,2026-05-03,2,85,4902002000018,ポテトチップス,03,菓子,150,1,150
0001,2026-05-03,1,86,4901001000031,卵10個,01,食品,250,1,250
0001,2026-05-03,1,86,4904004000010,ビール350ml,05,酒類,230,1,230
0001,2026-05-03,3,87,4901001000024,食パン,01,食品,150,1,150
0001,2026-05-03,2,88,4901001000024,食パン,01,食品,150,1,150
0001,2026-05-03,2,88,4905005000028,ティッシュ5箱,02,日用品,360,2,720
0001,2026-05-03,2,88,4905005000011,洗剤,02,日用品,320,1,320
0001,2026-05-03,2,89,4902002000018,ポテトチップス,03,菓子,150,1,150
0001,2026-05-03,2,90,4901001000024,食パン,01,食品,150,1,150
0001,2026-05-03,1,91,4901001000017,牛乳1L,01,食品,220,1,220
0001,2026-05-03,1,91,4902002000025,チョコレート,03,菓子,200,1,200
0001,2026-05-03,1,91,4905005000028,ティッシュ5箱,02,日用品,380,1,380
0001,2026-05-03,3,92,4905005000011,洗剤,02,日用品,320,1,320
0001,2026-05-03,3,92,4901001000017,牛乳1L,01,食品,230,1,230
0001,2026-05-03,2,93,4905005000011,洗剤,02,日用品,320,1,320
0001,2026-05-03,2,93,4902002000025,チョコレート,03,菓子,220,1,220
0001,2026-05-03,2,94,4901001000031,卵10個,01,食品,240,1,240
0001,2026-05-03,2,94,4901001000024,食パン,01,食品,170,1,170
0001,2026-05-03,2,94,4905005000028,ティッシュ5箱,02,日用品,380,2,760
0001,2026-05-03,2,94,4905005000011,洗剤,02,日用品,320,1,320
0001,2026-05-03,3,95,4903003000026,コーラ500ml,04,飲料,170,2,340
0001,2026-05-03,3,95,4901001000024,食パン,01,食品,150,2,300
0001,2026-05-03,3,95,4901001000031,卵10個,01,食品,260,1,260
0001,2026-05-03,3,95,4905005000035,歯ブラシ,02,日用品,280,3,840
0001,2026-05-03,2,96,4903003000019,緑茶500ml,04,飲料,140,1,140
0001,2026-05-03,2,96,4904004000027,缶チューハイ,05,酒類,180,1,180
0001,2026-05-03,2,96,4901001000017,牛乳1L,01,食品,220,1,220
0001,2026-05-03,2,96,4905005000028,ティッシュ5箱,02,日用品,360,1,360
0001,2026-05-03,1,97,4903003000026,コーラ500ml,04,飲料,160,1,160
0001,2026-05-03,2,98,4903003000026,コーラ500ml,04,飲料,160,1,160
0001,2026-05-03,2,98,4905005000011,洗剤,02,日用品,320,2,640
0001,2026-05-03,2,98,4901001000024,食パン,01,食品,170,2,340
0001,2026-05-03,1,99,4904004000010,ビール350ml,05,酒類,250,1,250
0001,2026-05-03,1,100,4903003000026,コーラ500ml,04,飲料,160,1,160
0001,2026-05-03,2,101,4905005000035,歯ブラシ,02,日用品,280,1,280
0001,2026-05-03,1,102,4902002000018,ポテトチップス,03,菓子,130,1,130
0001,2026-05-03,1,102,4901001000024,食パン,01,食品,170,2,340
0001,2026-05-03,1,102,4901001000031,卵10個,01,食品,240,1,240
0001,2026-05-03,1,102,4902002000025,チョコレート,03,菓子,200,1,200
0001,2026-05-03,2,103,4903003000019,緑茶500ml,04,飲料,150,1,150
0001,2026-05-03,1,104,4903003000026,コーラ500ml,04,飲料,160,1,160
0001,2026-05-03,1,104,4901001000024,食パン,01,食品,150,1,150
0001,2026-05-03,1,104,4904004000027,缶チューハイ,05,酒類,190,1,190
0001,2026-05-03,1,105,4905005000035,歯ブラシ,02,日用品,280,2,560
0001,2026-05-03,3,106,4905005000028,ティッシュ5箱,02,日用品,360,1,360
0001,2026-05-03,1,107,4905005000028,ティッシュ5箱,02,日用品,360,1,360
0001,2026-05-03,1,107,4903003000026,コーラ500ml,04,飲料,160,1,160
0001,2026-05-03,1,107,4904004000027,缶チューハイ,05,酒類,190,1,190
0001,2026-05-03,3,108,4905005000028,ティッシュ5箱,02,日用品,380,2,760
0001,2026-05-03,3,108,4904004000010,ビール350ml,05,酒類,230,1,230
0001,2026-05-03,3,108,4902002000025,チョコレート,03,菓子,220,1,220
0001,2026-05-03,1,109,4901001000024,食パン,01,食品,150,1,150
0001,2026-05-03,2,110,4905005000035,歯ブラシ,02,日用品,280,2,560
0001,2026-05-03,2,110,4901001000024,食パン,01,食品,150,1,150
0001,2026-05-03,2,110,4904004000027,缶チューハイ,05,酒類,180,1,180
0001,2026-05-03,2,110,4905005000028,ティッシュ5箱,02,日用品,360,1,360
0001,2026-05-03,1,111,4905005000011,洗剤,02,日用品,340,1,340
0001,2026-05-03,1,111,4903003000019,緑茶500ml,04,飲料,160,1,160
0001,2026-05-03,1,111,4902002000018,ポテトチップス,03,菓子,150,1,150
0001,2026-05-03,1,111,4904004000010,ビール350ml,05,酒類,230,1,230
0001,2026-05-03,2,112,4903003000019,緑茶500ml,04,飲料,140,1,140
0001,2026-05-03,2,112,4901001000031,卵10個,01,食品,240,1,240
0001,2026-05-03,1,113,4904004000010,ビール350ml,05,酒類,230,2,460
0001,2026-05-03,1,114,4904004000010,ビール350ml,05,酒類,240,1,240
0001,2026-05-03,1,114,4905005000028,ティッシュ5箱,02,日用品,360,1,360
0001,2026-05-03,1,115,4904004000010,ビール350ml,05,酒類,250,1,250
0001,2026-05-03,1,116,4901001000017,牛乳1L,01,食品,230,1,230
0001,2026-05-03,1,116,4903003000026,コーラ500ml,04,飲料,180,1,180
0001,2026-05-03,1,116,4905005000035,歯ブラシ,02,日用品,280,3,840
0001,2026-05-03,3,117,4902002000025,チョコレート,03,菓子,200,1,200
0001,2026-05-03,3,117,4901001000017,牛乳1L,01,食品,220,1,220
0001,2026-05-03,3,118,4901001000024,食パン,01,食品,150,1,150
0001,2026-05-03,1,119,4905005000035,歯ブラシ,02,日用品,280,3,840
0001,2026-05-03,1,120,4901001000031,卵10個,01,食品,240,1,240
0001,2026-05-03,1,120,4902002000018,ポテトチップス,03,菓子,150,1,150
0001,2026-05-03,1,120,4901001000024,食パン,01,食品,150,1,150
0001,2026-05-03,3,121,4902002000025,チョコレート,03,菓子,220,1,220
0001,2026-05-03,3,121,4902002000018,ポテトチップス,03,菓子,150,2,300
0001,2026-05-03,1,122,4901001000017,牛乳1L,01,食品,240,1,240
0001,2026-05-03,1,123,4905005000035,歯ブラシ,02,日用品,280,3,840
0001,2026-05-03,1,123,4901001000031,卵10個,01,食品,260,2,520
0001,2026-05-03,1,123,4901001000017,牛乳1L,01,食品,230,1,230
0002,2026-05-03,2,90,4902002000025,チョコレート,03,菓子,200,1,200
0002,2026-05-03,2,90,4904004000010,ビール350ml,05,酒類,240,1,240
0002,2026-05-03,2,90,4901001000031,卵10個,01,食品,250,1,250
0002,2026-05-03,2,90,4903003000026,コーラ500ml,04,飲料,180,1,180
0002,2026-05-03,3,91,4903003000019,緑茶500ml,04,飲料,140,1,140
0002,2026-05-03,3,91,4902002000025,チョコレート,03,菓子,210,2,420
0002,2026-05-03,3,92,4902002000025,チョコレート,03,菓子,210,2,420
0002,2026-05-03,3,92,4902002000018,ポテトチップス,03,菓子,140,2,280
0002,2026-05-03,3,92,4903003000019,緑茶500ml,04,飲料,140,1,140
0002,2026-05-03,3,92,4904004000027,缶チューハイ,05,酒類,190,2,380
0002,2026-05-03,1,93,4904004000027,缶チューハイ,05,酒類,200,1,200
0002,2026-05-03,1,93,4904004000010,ビール350ml,05,酒類,230,1,230
0002,2026-05-03,2,94,4901001000031,卵10個,01,食品,240,1,240
0002,2026-05-03,2,95,4905005000028,ティッシュ5箱,02,日用品,380,2,760
0002,2026-05-03,2,95,4903003000019,緑茶500ml,04,飲料,160,1,160
0002,2026-05-03,2,95,4901001000017,牛乳1L,01,食品,240,1,240
0002,2026-05-03,2,96,4902002000025,チョコレート,03,菓子,200,1,200
0002,2026-05-03,2,96,4901001000031,卵10個,01,食品,240,1,240
0002,2026-05-03,3,97,4903003000026,コーラ500ml,04,飲料,170,1,170
0002,2026-05-03,3,97,4904004000010,ビール350ml,05,酒類,230,1,230
0002,2026-05-03,1,98,4901001000024,食パン,01,食品,160,1,160
0002,2026-05-03,2,99,4905005000011,洗剤,02,日用品,320,1,320
0002,2026-05-03,2,99,4905005000035,歯ブラシ,02,日用品,280,1,280
0002,2026-05-03,2,99,4901001000031,卵10個,01,食品,250,2,500
0002,2026-05-03,2,99,4901001000024,食パン,01,食品,150,1,150
0002,2026-05-03,1,100,4901001000031,卵10個,01,食品,250,1,250
0002,2026-05-03,1,100,4905005000028,ティッシュ5箱,02,日用品,370,1,370
0002,2026-05-03,1,100,4905005000011,洗剤,02,日用品,330,1,330
0002,2026-05-03,1,100,4901001000024,食パン,01,食品,150,1,150
0002,2026-05-03,3,101,4905005000035,歯ブラシ,02,日用品,290,2,580
0002,2026-05-03,3,102,4902002000025,チョコレート,03,菓子,210,1,210
0002,2026-05-03,1,103,4905005000028,ティッシュ5箱,02,日用品,370,1,370
0002,2026-05-03,2,104,4905005000011,洗剤,02,日用品,320,1,320
0002,2026-05-03,2,104,4904004000027,缶チューハイ,05,酒類,180,1,180
0002,2026-05-03,1,105,4901001000017,牛乳1L,01,食品,220,1,220
0002,2026-05-03,3,106,4905005000028,ティッシュ5箱,02,日用品,360,1,360
0002,2026-05-03,3,106,4901001000017,牛乳1L,01,食品,240,1,240
0002,2026-05-03,3,106,4904004000027,缶チューハイ,05,酒類,180,1,180
0002,2026-05-03,3,107,4904004000027,缶チューハイ,05,酒類,190,1,190
0002,2026-05-03,3,107,4901001000031,卵10個,01,食品,250,1,250
0002,2026-05-03,2,108,4903003000026,コーラ500ml,04,飲料,160,1,160
0002,2026-05-03,2,108,4905005000011,洗剤,02,日用品,320,1,320
0002,2026-05-03,2,108,4905005000028,ティッシュ5箱,02,日用品,360,1,360
0002,2026-05-03,2,109,4904004000010,ビール350ml,05,酒類,230,1,230
0002,2026-05-03,2,109,4901001000024,食パン,01,食品,150,1,150
0002,2026-05-03,1,110,4902002000018,ポテトチップス,03,菓子,130,1,130
0002,2026-05-03,1,110,4902002000025,チョコレート,03,菓子,200,1,200
0002,2026-05-03,1,110,4904004000010,ビール350ml,05,酒類,230,1,230
0002,2026-05-03,2,111,4905005000035,歯ブラシ,02,日用品,300,1,300
0002,2026-05-03,2,111,4902002000025,チョコレート,03,菓子,200,2,400
0002,2026-05-03,3,112,4903003000026,コーラ500ml,04,飲料,160,2,320
0002,2026-05-03,2,113,4904004000010,ビール350ml,05,酒類,230,1,230
0002,2026-05-03,2,113,4903003000019,緑茶500ml,04,飲料,160,1,160
0002,2026-05-03,2,113,4905005000028,ティッシュ5箱,02,日用品,380,2,760
0002,2026-05-03,3,114,4902002000018,ポテトチップス,03,菓子,130,1,130
0002,2026-05-03,2,115,4901001000024,食パン,01,食品,170,1,170
0002,2026-05-03,2,115,4903003000026,コーラ500ml,04,飲料,170,1,170
0002,2026-05-03,2,115,4902002000025,チョコレート,03,菓子,220,1,220
0002,2026-05-03,2,115,4904004000027,缶チューハイ,05,酒類,180,2,360
0002,2026-05-03,1,116,4905005000035,歯ブラシ,02,日用品,280,1,280
0002,2026-05-03,1,117,4901001000017,牛乳1L,01,食品,240,1,240
0002,2026-05-03,1,117,4903003000026,コーラ500ml,04,飲料,180,1,180
0002,2026-05-03,1,117,4904004000027,缶チューハイ,05,酒類,180,1,180
0002,2026-05-03,1,117,4901001000031,卵10個,01,食品,240,1,240
0002,2026-05-03,2,118,4905005000011,洗剤,02,日用品,320,1,320
0002,2026-05-03,2,118,4905005000028,ティッシュ5箱,02,日用品,360,1,360
0002,2026-05-03,2,118,4901001000017,牛乳1L,01,食品,230,1,230
0002,2026-05-03,2,119,4903003000026,コーラ500ml,04,飲料,170,1,170
0002,2026-05-03,2,119,4902002000018,ポテトチップス,03,菓子,130,1,130
0002,2026-05-03,2,119,4905005000035,歯ブラシ,02,日用品,290,2,580
0002,2026-05-03,2,119,4903003000019,緑茶500ml,04,飲料,140,1,140
0002,2026-05-03,2,120,4905005000028,ティッシュ5箱,02,日用品,360,1,360
0002,2026-05-03,2,120,4901001000017,牛乳1L,01,食品,220,1,220
0002,2026-05-03,2,120,4905005000035,歯ブラシ,02,日用品,280,3,840
0002,2026-05-03,2,120,4904004000010,ビール350ml,05,酒類,250,1,250
0002,2026-05-03,1,121,4901001000031,卵10個,01,食品,260,1,260
0002,2026-05-03,1,121,4903003000019,緑茶500ml,04,飲料,140,1,140
0002,2026-05-03,3,122,4901001000031,卵10個,01,食品,250,1,250
0002,2026-05-03,2,123,4903003000026,コーラ500ml,04,飲料,160,1,160
0002,2026-05-03,2,123,4904004000010,ビール350ml,05,酒類,230,1,230
0002,2026-05-03,2,124,4903003000019,緑茶500ml,04,飲料,140,1,140
0002,2026-05-03,2,124,4905005000035,歯ブラシ,02,日用品,300,2,600
0002,2026-05-03,2,124,4905005000011,洗剤,02,日用品,330,1,330
0002,2026-05-03,2,124,4901001000024,食パン,01,食品,160,1,160
0002,2026-05-03,1,125,4905005000028,ティッシュ5箱,02,日用品,380,1,380
0002,2026-05-03,3,126,4905005000035,歯ブラシ,02,日用品,280,1,280
0002,2026-05-03,3,126,4905005000011,洗剤,02,日用品,320,1,320
0002,2026-05-03,3,127,4905005000011,洗剤,02,日用品,340,1,340
0002,2026-05-03,3,128,4904004000010,ビール350ml,05,酒類,240,1,240
0002,2026-05-03,3,128,4905005000028,ティッシュ5箱,02,日用品,380,2,760
0002,2026-05-03,3,128,4902002000025,チョコレート,03,菓子,210,1,210
0002,2026-05-03,3,128,4901001000031,卵10個,01,食品,240,1,240
0002,2026-05-03,1,129,4901001000024,食パン,01,食品,150,1,150
0002,2026-05-03,1,129,4904004000027,缶チューハイ,05,酒類,190,1,190
0002,2026-05-03,1,130,4905005000028,ティッシュ5箱,02,日用品,360,1,360
0002,2026-05-03,1,130,4904004000010,ビール350ml,05,酒類,230,1,230
0002,2026-05-03,2,131,4905005000035,歯ブラシ,02,日用品,280,2,560
0002,2026-05-03,2,131,4904004000027,缶チューハイ,05,酒類,200,1,200
0002,2026-05-03,2,131,4903003000026,コーラ500ml,04,飲料,180,1,180
0002,2026-05-03,2,131,4902002000018,ポテトチップス,03,菓子,150,2,300
0002,2026-05-03,2,132,4903003000019,緑茶500ml,04,飲料,140,1,140
0002,2026-05-03,2,132,4904004000010,ビール350ml,05,酒類,250,1,250
0002,2026-05-03,1,133,4903003000026,コーラ500ml,04,飲料,170,3,510
0002,2026-05-03,1,133,4905005000035,歯ブラシ,02,日用品,290,1,290
0002,2026-05-03,1,133,4902002000018,ポテトチップス,03,菓子,130,1,130
0001,2026-05-04,3,124,4901001000024,食パン,01,食品,160,3,480
0001,2026-05-04,2,125,4903003000019,緑茶500ml,04,飲料,160,1,160
0001,2026-05-04,2,125,4901001000017,牛乳1L,01,食品,220,1,220
0001,2026-05-04,2,125,4901001000031,卵10個,01,食品,260,2,520
0001,2026-05-04,2,125,4905005000028,ティッシュ5箱,02,日用品,380,1,380
0001,2026-05-04,2,126,4903003000019,緑茶500ml,04,飲料,160,2,320
0001,2026-05-04,2,126,4904004000027,缶チューハイ,05,酒類,180,1,180
0001,2026-05-04,2,126,4904004000010,ビール350ml,05,酒類,250,1,250
0001,2026-05-04,3,127,4905005000035,歯ブラシ,02,日用品,280,1,280
0001,2026-05-04,3,127,4901001000031,卵10個,01,食品,240,1,240
0001,2026-05-04,3,127,4905005000011,洗剤,02,日用品,330,1,330
0001,2026-05-04,3,127,4901001000024,食パン,01,食品,150,1,150
0001,2026-05-04,3,128,4904004000010,ビール350ml,05,酒類,250,1,250
0001,2026-05-04,2,129,4904004000027,缶チューハイ,05,酒類,180,1,180
0001,2026-05-04,2,129,4902002000025,チョコレート,03,菓子,200,1,200
0001,2026-05-04,2,129,4905005000035,歯ブラシ,02,日用品,300,1,300
0001,2026-05-04,1,130,4904004000027,缶チューハイ,05,酒類,190,2,380
0001,2026-05-04,1,130,4905005000011,洗剤,02,日用品,320,2,640
0001,2026-05-04,3,131,4904004000010,ビール350ml,05,酒類,240,1,240
0001,2026-05-04,2,132,4902002000025,チョコレート,03,菓子,200,2,400
0001,2026-05-04,2,133,4901001000031,卵10個,01,食品,240,1,240
0001,2026-05-04,2,133,4902002000025,チョコレート,03,菓子,200,1,200
0001,2026-05-04,2,133,4903003000026,コーラ500ml,04,飲料,160,1,160
0001,2026-05-04,1,134,4903003000026,コーラ500ml,04,飲料,160,1,160
0001,2026-05-04,1,134,4904004000027,缶チューハイ,05,酒類,180,1,180
0001,2026-05-04,3,135,4905005000011,洗剤,02,日用品,320,1,320
0001,2026-05-04,3,136,4901001000017,牛乳1L,01,食品,230,3,690
0001,2026-05-04,2,137,4903003000019,緑茶500ml,04,飲料,140,2,280
0001,2026-05-04,2,137,4903003000026,コーラ500ml,04,飲料,170,1,170
0001,2026-05-04,3,138,4901001000017,牛乳1L,01,食品,220,1,220
0001,2026-05-04,3,138,4905005000028,ティッシュ5箱,02,日用品,360,1,360
0001,2026-05-04,2,139,4902002000018,ポテトチップス,03,菓子,130,1,130
0001,2026-05-04,2,139,4903003000019,緑茶500ml,04,飲料,140,3,420
0001,2026-05-04,2,139,4905005000035,歯ブラシ,02,日用品,280,1,280
0001,2026-05-04,2,139,4904004000010,ビール350ml,05,酒類,240,1,240
0001,2026-05-04,1,140,4901001000017,牛乳1L,01,食品,220,1,220
0001,2026-05-04,1,141,4905005000028,ティッシュ5箱,02,日用品,360,2,720
0001,2026-05-04,1,141,4905005000011,洗剤,02,日用品,320,1,320
0001,2026-05-04,2,142,4905005000035,歯ブラシ,02,日用品,280,1,280
0001,2026-05-04,2,143,4903003000026,コーラ500ml,04,飲料,160,1,160
0001,2026-05-04,2,143,4905005000035,歯ブラシ,02,日用品,290,1,290
0001,2026-05-04,2,143,4904004000010,ビール350ml,05,酒類,230,1,230
0001,2026-05-04,2,144,4904004000010,ビール350ml,05,酒類,230,1,230
0001,2026-05-04,2,144,4905005000035,歯ブラシ,02,日用品,280,2,560
0001,2026-05-04,3,145,4901001000031,卵10個,01,食品,240,1,240
0001,2026-05-04,3,146,4903003000019,緑茶500ml,04,飲料,140,1,140
0001,2026-05-04,3,146,4905005000035,歯ブラシ,02,日用品,280,1,280
0001,2026-05-04,2,147,4902002000018,ポテトチップス,03,菓子,130,1,130
0001,2026-05-04,2,147,4903003000026,コーラ500ml,04,飲料,170,2,340
0001,2026-05-04,2,147,4905005000028,ティッシュ5箱,02,日用品,360,2,720
0001,2026-05-04,2,147,4901001000024,食パン,01,食品,170,1,170
0001,2026-05-04,1,148,4904004000010,ビール350ml,05,酒類,250,1,250
0001,2026-05-04,1,148,4903003000019,緑茶500ml,04,飲料,150,1,150
0001,2026-05-04,1,148,4902002000025,チョコレート,03,菓子,200,1,200
0001,2026-05-04,2,149,4903003000019,緑茶500ml,04,飲料,150,3,450
0001,2026-05-04,2,149,4901001000017,牛乳1L,01,食品,220,2,440
0001,2026-05-04,2,149,4904004000010,ビール350ml,05,酒類,230,2,460
0001,2026-05-04,2,149,4902002000018,ポテトチップス,03,菓子,130,1,130
0001,2026-05-04,3,150,4904004000010,ビール350ml,05,酒類,230,1,230
0001,2026-05-04,3,150,4901001000017,牛乳1L,01,食品,240,1,240
0001,2026-05-04,1,151,4903003000019,緑茶500ml,04,飲料,160,1,160
0001,2026-05-04,1,151,4904004000027,缶チューハイ,05,酒類,180,1,180
0001,2026-05-04,2,152,4905005000035,歯ブラシ,02,日用品,280,1,280
0001,2026-05-04,2,152,4905005000028,ティッシュ5箱,02,日用品,360,1,360
0001,2026-05-04,2,152,4904004000027,缶チューハイ,05,酒類,180,2,360
0001,2026-05-04,2,152,4902002000025,チョコレート,03,菓子,200,1,200
0001,2026-05-04,3,153,4905005000028,ティッシュ5箱,02,日用品,380,2,760
0001,2026-05-04,1,154,4901001000031,卵10個,01,食品,260,2,520
0001,2026-05-04,1,154,4901001000024,食パン,01,食品,160,1,160
0001,2026-05-04,2,155,4903003000019,緑茶500ml,04,飲料,140,1,140
0001,2026-05-04,1,156,4904004000010,ビール350ml,05,酒類,230,1,230
0001,2026-05-04,1,156,4901001000024,食パン,01,食品,170,1,170
0001,2026-05-04,1,157,4905005000011,洗剤,02,日用品,330,2,660
0001,2026-05-04,1,157,4901001000024,食パン,01,食品,150,1,150
0001,2026-05-04,1,157,4901001000031,卵10個,01,食品,240,1,240
0001,2026-05-04,1,157,4903003000019,緑茶500ml,04,飲料,150,1,150
0001,2026-05-04,3,158,4901001000017,牛乳1L,01,食品,240,2,480
0001,2026-05-04,3,158,4904004000010,ビール350ml,05,酒類,250,1,250
0001,2026-05-04,3,158,4905005000011,洗剤,02,日用品,330,1,330
0001,2026-05-04,3,158,4901001000031,卵10個,01,食品,240,1,240
0001,2026-05-04,1,159,4901001000024,食パン,01,食品,150,1,150
0001,2026-05-04,1,159,4904004000010,ビール350ml,05,酒類,250,1,250
0001,2026-05-04,3,160,4902002000025,チョコレート,03,菓子,210,1,210
0001,2026-05-04,2,161,4904004000010,ビール350ml,05,酒類,230,2,460
0001,2026-05-04,2,161,4903003000019,緑茶500ml,04,飲料,140,1,140
0001,2026-05-04,2,161,4904004000027,缶チューハイ,05,酒類,180,1,180
0001,2026-05-04,3,162,4904004000010,ビール350ml,05,酒類,230,1,230
0001,2026-05-04,2,163,4901001000024,食パン,01,食品,150,1,150
0001,2026-05-04,1,164,4904004000010,ビール350ml,05,酒類,230,2,460
0001,2026-05-04,3,165,4901001000024,食パン,01,食品,150,1,150
0001,2026-05-04,1,166,4901001000017,牛乳1L,01,食品,220,1,220
0001,2026-05-04,1,166,4904004000027,缶チューハイ,05,酒類,180,1,180
0001,2026-05-04,1,167,4905005000028,ティッシュ5箱,02,日用品,370,1,370
0001,2026-05-04,1,167,4901001000017,牛乳1L,01,食品,220,1,220
0002,2026-05-04,2,134,4903003000019,緑茶500ml,04,飲料,140,2,280
0002,2026-05-04,3,135,4905005000035,歯ブラシ,02,日用品,290,1,290
0002,2026-05-04,3,135,4901001000017,牛乳1L,01,食品,220,1,220
0002,2026-05-04,3,135,4902002000025,チョコレート,03,菓子,200,2,400
0002,2026-05-04,1,136,4905005000011,洗剤,02,日用品,320,1,320
0002,2026-05-04,1,136,4901001000024,食パン,01,食品,160,1,160
0002,2026-05-04,1,136,4905005000028,ティッシュ5箱,02,日用品,370,1,370
0002,2026-05-04,3,137,4905005000028,ティッシュ5箱,02,日用品,360,1,360
0002,2026-05-04,3,137,4905005000011,洗剤,02,日用品,340,1,340
0002,2026-05-04,3,137,4902002000018,ポテトチップス,03,菓子,140,1,140
0002,2026-05-04,1,138,4904004000027,缶チューハイ,05,酒類,200,1,200
0002,2026-05-04,2,139,4902002000025,チョコレート,03,菓子,200,1,200
0002,2026-05-04,2,139,4901001000017,牛乳1L,01,食品,240,1,240
0002,2026-05-04,2,139,4905005000028,ティッシュ5箱,02,日用品,360,1,360
0002,2026-05-04,3,140,4905005000028,ティッシュ5箱,02,日用品,370,1,370
0002,2026-05-04,3,140,4903003000019,緑茶500ml,04,飲料,140,1,140
0002,2026-05-04,3,140,4903003000026,コーラ500ml,04,飲料,180,1,180
0002,2026-05-04,3,140,4902002000018,ポテトチップス,03,菓子,150,1,150
0002,2026-05-04,2,141,4901001000024,食パン,01,食品,150,1,150
0002,2026-05-04,2,141,4903003000026,コーラ500ml,04,飲料,160,2,320
0002,2026-05-04,2,142,4904004000010,ビール350ml,05,酒類,250,1,250
0002,2026-05-04,2,142,4901001000024,食パン,01,食品,150,1,150
0002,2026-05-04,2,142,4904004000027,缶チューハイ,05,酒類,190,1,190
0002,2026-05-04,2,142,4903003000019,緑茶500ml,04,飲料,140,1,140
0002,2026-05-04,2,143,4904004000010,ビール350ml,05,酒類,230,1,230
0002,2026-05-04,2,143,4905005000011,洗剤,02,日用品,330,1,330
0002,2026-05-04,2,143,4903003000026,コーラ500ml,04,飲料,160,1,160
0002,2026-05-04,2,144,4905005000028,ティッシュ5箱,02,日用品,360,1,360
0002,2026-05-04,2,144,4902002000018,ポテトチップス,03,菓子,140,1,140
0002,2026-05-04,2,144,4901001000017,牛乳1L,01,食品,230,1,230
0002,2026-05-04,2,144,4904004000027,缶チューハイ,05,酒類,180,2,360
0002,2026-05-04,2,145,4905005000035,歯ブラシ,02,日用品,280,2,560
0002,2026-05-04,2,145,4902002000025,チョコレート,03,菓子,200,1,200
0002,2026-05-04,2,145,4903003000026,コーラ500ml,04,飲料,160,1,160
0002,2026-05-04,3,146,4902002000025,チョコレート,03,菓子,200,1,200
0002,2026-05-04,3,146,4903003000019,緑茶500ml,04,飲料,160,1,160
0002,2026-05-04,3,146,4905005000011,洗剤,02,日用品,320,2,640
0002,2026-05-04,3,147,4905005000035,歯ブラシ,02,日用品,300,1,300
0002,2026-05-04,3,147,4903003000019,緑茶500ml,04,飲料,140,1,140
0002,2026-05-04,3,147,4901001000024,食パン,01,食品,170,2,340
0002,2026-05-04,1,148,4903003000026,コーラ500ml,04,飲料,180,1,180
0002,2026-05-04,1,148,4902002000018,ポテトチップス,03,菓子,130,1,130
0002,2026-05-04,1,148,4902002000025,チョコレート,03,菓子,210,1,210
0002,2026-05-04,1,148,4904004000027,缶チューハイ,05,酒類,180,1,180
0002,2026-05-04,2,149,4904004000027,缶チューハイ,05,酒類,200,2,400
0002,2026-05-04,2,149,4901001000017,牛乳1L,01,食品,220,1,220
0002,2026-05-04,2,149,4902002000018,ポテトチップス,03,菓子,140,2,280
0002,2026-05-04,2,149,4901001000031,卵10個,01,食品,240,1,240
0002,2026-05-04,1,150,4904004000027,缶チューハイ,05,酒類,180,1,180
0002,2026-05-04,1,150,4902002000025,チョコレート,03,菓子,200,1,200
0002,2026-05-04,1,150,4901001000031,卵10個,01,食品,240,1,240
0002,2026-05-04,1,150,4901001000024,食パン,01,食品,150,3,450
0002,2026-05-04,1,151,4905005000028,ティッシュ5箱,02,日用品,370,1,370
0002,2026-05-04,1,151,4902002000025,チョコレート,03,菓子,200,1,200
0002,2026-05-04,1,151,4905005000035,歯ブラシ,02,日用品,300,1,300
0002,2026-05-04,1,152,4901001000017,牛乳1L,01,食品,220,2,440
0002,2026-05-04,1,152,4901001000031,卵10個,01,食品,250,1,250
0002,2026-05-04,1,152,4905005000028,ティッシュ5箱,02,日用品,360,1,360
0002,2026-05-04,1,152,4904004000027,缶チューハイ,05,酒類,200,2,400
0002,2026-05-04,2,153,4901001000031,卵10個,01,食品,260,1,260
0002,2026-05-04,2,153,4905005000028,ティッシュ5箱,02,日用品,360,1,360
0002,2026-05-04,2,153,4904004000010,ビール350ml,05,酒類,240,1,240
0002,2026-05-04,1,154,4905005000011,洗剤,02,日用品,320,3,960
0002,2026-05-04,1,154,4904004000010,ビール350ml,05,酒類,240,1,240
0002,2026-05-04,1,154,4903003000019,緑茶500ml,04,飲料,140,1,140
0002,2026-05-04,1,154,4901001000024,食パン,01,食品,150,1,150
0002,2026-05-04,3,155,4903003000026,コーラ500ml,04,飲料,170,1,170
0002,2026-05-04,3,155,4903003000019,緑茶500ml,04,飲料,140,1,140
0002,2026-05-04,3,156,4901001000017,牛乳1L,01,食品,230,1,230
0002,2026-05-04,3,156,4903003000026,コーラ500ml,04,飲料,160,2,320
0002,2026-05-04,2,157,4904004000027,缶チューハイ,05,酒類,180,2,360
0002,2026-05-04,2,157,4901001000031,卵10個,01,食品,240,2,480
0002,2026-05-04,2,158,4901001000024,食パン,01,食品,150,1,150
0002,2026-05-04,1,159,4905005000028,ティッシュ5箱,02,日用品,370,2,740
0002,2026-05-04,1,159,4904004000010,ビール350ml,05,酒類,240,1,240
0002,2026-05-04,2,160,4903003000026,コーラ500ml,04,飲料,160,2,320
0002,2026-05-04,2,160,4905005000011,洗剤,02,日用品,320,1,320
0002,2026-05-04,2,160,4902002000018,ポテトチップス,03,菓子,130,3,390
0002,2026-05-04,2,160,4904004000027,缶チューハイ,05,酒類,200,3,600
0002,2026-05-04,2,161,4902002000018,ポテトチップス,03,菓子,130,1,130
0002,2026-05-04,2,161,4904004000010,ビール350ml,05,酒類,230,1,230
0002,2026-05-04,2,161,4903003000026,コーラ500ml,04,飲料,160,1,160
0002,2026-05-04,2,161,4901001000017,牛乳1L,01,食品,230,1,230
0002,2026-05-04,2,162,4904004000010,ビール350ml,05,酒類,240,1,240
0002,2026-05-04,2,162,4902002000025,チョコレート,03,菓子,200,1,200
0002,2026-05-04,2,162,4903003000026,コーラ500ml,04,飲料,170,1,170
0002,2026-05-04,2,162,4901001000031,卵10個,01,食品,250,3,750
0002,2026-05-04,3,163,4901001000024,食パン,01,食品,150,1,150
0002,2026-05-04,3,163,4903003000026,コーラ500ml,04,飲料,160,1,160
0002,2026-05-04,3,163,4905005000028,ティッシュ5箱,02,日用品,370,1,370
0002,2026-05-04,3,164,4904004000010,ビール350ml,05,酒類,230,2,460
0002,2026-05-04,3,165,4902002000025,チョコレート,03,菓子,200,1,200
0002,2026-05-04,3,165,4901001000017,牛乳1L,01,食品,220,1,220
0002,2026-05-04,2,166,4902002000025,チョコレート,03,菓子,210,2,420
0002,2026-05-04,3,167,4905005000035,歯ブラシ,02,日用品,280,1,280
0002,2026-05-04,3,167,4903003000026,コーラ500ml,04,飲料,170,1,170
0002,2026-05-04,3,167,4901001000031,卵10個,01,食品,240,1,240
0002,2026-05-04,3,167,4904004000027,缶チューハイ,05,酒類,190,1,190
0002,2026-05-04,3,168,4903003000026,コーラ500ml,04,飲料,170,1,170
0002,2026-05-04,3,168,4904004000027,缶チューハイ,05,酒類,200,1,200
0002,2026-05-04,3,168,4901001000024,食パン,01,食品,160,1,160
0002,2026-05-04,2,169,4903003000026,コーラ500ml,04,飲料,160,1,160
0002,2026-05-04,2,169,4905005000011,洗剤,02,日用品,320,1,320
0002,2026-05-04,3,170,4902002000018,ポテトチップス,03,菓子,130,2,260
0002,2026-05-04,3,170,4904004000010,ビール350ml,05,酒類,230,2,460
0002,2026-05-04,3,170,4904004000027,缶チューハイ,05,酒類,180,2,360
0002,2026-05-04,3,170,4903003000019,緑茶500ml,04,飲料,140,1,140
0002,2026-05-04,1,171,4901001000017,牛乳1L,01,食品,220,2,440
0002,2026-05-04,1,171,4904004000027,缶チューハイ,05,酒類,200,1,200
0002,2026-05-04,1,172,4905005000035,歯ブラシ,02,日用品,280,1,280
0002,2026-05-04,2,173,4903003000026,コーラ500ml,04,飲料,160,1,160
0002,2026-05-04,2,173,4902002000025,チョコレート,03,菓子,200,1,200
0002,2026-05-04,3,174,4905005000028,ティッシュ5箱,02,日用品,370,1,370
0002,2026-05-04,3,174,4905005000011,洗剤,02,日用品,320,2,640
0002,2026-05-04,3,174,4903003000026,コーラ500ml,04,飲料,170,1,170
0002,2026-05-04,3,174,4901001000031,卵10個,01,食品,240,1,240
0002,2026-05-04,2,175,4901001000024,食パン,01,食品,150,1,150
0002,2026-05-04,2,175,4901001000031,卵10個,01,食品,240,2,480
0002,2026-05-04,2,175,4905005000035,歯ブラシ,02,日用品,280,2,560
0002,2026-05-04,1,176,4901001000024,食パン,01,食品,170,1,170
0002,2026-05-04,1,176,4905005000035,歯ブラシ,02,日用品,280,1,280
0002,2026-05-04,1,176,4905005000011,洗剤,02,日用品,340,2,680
0002,2026-05-04,1,176,4903003000026,コーラ500ml,04,飲料,170,2,340
0002,2026-05-04,1,177,4905005000011,洗剤,02,日用品,320,1,320
0002,2026-05-04,1,177,4902002000025,チョコレート,03,菓子,200,2,400
0001,2026-05-05,1,168,4903003000019,緑茶500ml,04,飲料,160,1,160
0001,2026-05-05,1,168,4902002000025,チョコレート,03,菓子,200,1,200
0001,2026-05-05,2,169,4901001000031,卵10個,01,食品,250,1,250
0001,2026-05-05,3,170,4901001000031,卵10個,01,食品,240,1,240
0001,2026-05-05,2,171,4905005000011,洗剤,02,日用品,330,1,330
0001,2026-05-05,2,171,4901001000024,食パン,01,食品,150,2,300
0001,2026-05-05,2,171,4902002000025,チョコレート,03,菓子,200,1,200
0001,2026-05-05,2,171,4904004000027,缶チューハイ,05,酒類,180,1,180
0001,2026-05-05,2,172,4903003000026,コーラ500ml,04,飲料,160,1,160
0001,2026-05-05,1,173,4901001000031,卵10個,01,食品,240,1,240
0001,2026-05-05,1,173,4902002000018,ポテトチップス,03,菓子,130,1,130
0001,2026-05-05,1,173,4903003000026,コーラ500ml,04,飲料,180,2,360
0001,2026-05-05,1,173,4902002000025,チョコレート,03,菓子,200,2,400
0001,2026-05-05,3,174,4905005000028,ティッシュ5箱,02,日用品,370,1,370
0001,2026-05-05,3,174,4903003000019,緑茶500ml,04,飲料,140,1,140
0001,2026-05-05,3,174,4905005000035,歯ブラシ,02,日用品,290,1,290
0001,2026-05-05,2,175,4901001000017,牛乳1L,01,食品,220,1,220
0001,2026-05-05,3,176,4901001000024,食パン,01,食品,150,1,150
0001,2026-05-05,3,176,4901001000017,牛乳1L,01,食品,220,1,220
0001,2026-05-05,3,176,4903003000019,緑茶500ml,04,飲料,140,2,280
0001,2026-05-05,3,176,4902002000025,チョコレート,03,菓子,200,1,200
0001,2026-05-05,2,177,4901001000024,食パン,01,食品,150,2,300
0001,2026-05-05,2,178,4904004000010,ビール350ml,05,酒類,240,1,240
0001,2026-05-05,3,179,4903003000019,緑茶500ml,04,飲料,140,2,280
0001,2026-05-05,2,180,4904004000027,缶チューハイ,05,酒類,180,1,180
0001,2026-05-05,3,181,4903003000019,緑茶500ml,04,飲料,140,1,140
0001,2026-05-05,3,181,4905005000035,歯ブラシ,02,日用品,300,1,300
0001,2026-05-05,3,182,4905005000028,ティッシュ5箱,02,日用品,360,2,720
0001,2026-05-05,3,182,4901001000024,食パン,01,食品,150,1,150
0001,2026-05-05,3,182,4903003000026,コーラ500ml,04,飲料,160,2,320
0001,2026-05-05,3,182,4904004000010,ビール350ml,05,酒類,240,1,240
0001,2026-05-05,2,183,4905005000028,ティッシュ5箱,02,日用品,360,1,360
0001,2026-05-05,1,184,4905005000035,歯ブラシ,02,日用品,290,1,290
0001,2026-05-05,1,184,4902002000018,ポテトチップス,03,菓子,130,1,130
0001,2026-05-05,1,184,4901001000024,食パン,01,食品,150,1,150
0001,2026-05-05,1,184,4905005000028,ティッシュ5箱,02,日用品,360,1,360
0001,2026-05-05,1,185,4905005000028,ティッシュ5箱,02,日用品,380,2,760
0001,2026-05-05,3,186,4903003000026,コーラ500ml,04,飲料,160,1,160
0001,2026-05-05,3,186,4902002000018,ポテトチップス,03,菓子,150,1,150
0001,2026-05-05,3,186,4904004000010,ビール350ml,05,酒類,230,1,230
0001,2026-05-05,2,187,4903003000026,コーラ500ml,04,飲料,160,1,160
0001,2026-05-05,2,187,4905005000035,歯ブラシ,02,日用品,280,1,280
0001,2026-05-05,2,187,4901001000031,卵10個,01,食品,240,1,240
0001,2026-05-05,3,188,4905005000035,歯ブラシ,02,日用品,280,1,280
0001,2026-05-05,3,189,4904004000027,缶チューハイ,05,酒類,190,1,190
0001,2026-05-05,3,190,4903003000026,コーラ500ml,04,飲料,180,2,360
0001,2026-05-05,3,190,4904004000010,ビール350ml,05,酒類,230,1,230
0001,2026-05-05,3,191,4901001000031,卵10個,01,食品,240,1,240
0001,2026-05-05,3,191,4902002000018,ポテトチップス,03,菓子,140,1,140
0001,2026-05-05,3,191,4904004000027,缶チューハイ,05,酒類,180,1,180
0001,2026-05-05,3,191,4902002000025,チョコレート,03,菓子,200,1,200
0001,2026-05-05,2,192,4903003000019,緑茶500ml,04,飲料,140,3,420
0001,2026-05-05,2,192,4905005000028,ティッシュ5箱,02,日用品,360,1,360
0001,2026-05-05,2,192,4905005000035,歯ブラシ,02,日用品,300,1,300
0001,2026-05-05,3,193,4902002000025,チョコレート,03,菓子,210,3,630
0001,2026-05-05,3,193,4901001000031,卵10個,01,食品,240,1,240
0001,2026-05-05,3,193,4904004000027,缶チューハイ,05,酒類,180,1,180
0001,2026-05-05,3,193,4903003000019,緑茶500ml,04,飲料,140,1,140
0001,2026-05-05,2,194,4905005000011,洗剤,02,日用品,320,1,320
0001,2026-05-05,1,195,4903003000019,緑茶500ml,04,飲料,140,1,140
0001,2026-05-05,1,195,4901001000031,卵10個,01,食品,250,1,250
0001,2026-05-05,2,196,4902002000025,チョコレート,03,菓子,210,1,210
0001,2026-05-05,2,196,4905005000011,洗剤,02,日用品,320,1,320
0001,2026-05-05,3,197,4902002000025,チョコレート,03,菓子,200,1,200
0001,2026-05-05,3,197,4904004000010,ビール350ml,05,酒類,230,1,230
0001,2026-05-05,3,197,4903003000019,緑茶500ml,04,飲料,160,2,320
0001,2026-05-05,3,197,4904004000027,缶チューハイ,05,酒類,180,1,180
0001,2026-05-05,3,198,4903003000019,緑茶500ml,04,飲料,150,1,150
0001,2026-05-05,3,199,4905005000028,ティッシュ5箱,02,日用品,360,2,720
0001,2026-05-05,3,200,4905005000011,洗剤,02,日用品,330,1,330
0001,2026-05-05,3,200,4901001000017,牛乳1L,01,食品,240,1,240
0001,2026-05-05,3,200,4904004000027,缶チューハイ,05,酒類,180,1,180
0001,2026-05-05,3,200,4905005000028,ティッシュ5箱,02,日用品,360,1,360
0001,2026-05-05,1,201,4905005000028,ティッシュ5箱,02,日用品,360,3,1080
0001,2026-05-05,1,202,4905005000035,歯ブラシ,02,日用品,280,1,280
0001,2026-05-05,1,202,4903003000026,コーラ500ml,04,飲料,180,1,180
0001,2026-05-05,1,202,4901001000031,卵10個,01,食品,240,2,480
0001,2026-05-05,1,202,4904004000027,缶チューハイ,05,酒類,180,2,360
0001,2026-05-05,1,203,4901001000017,牛乳1L,01,食品,220,3,660
0001,2026-05-05,1,203,4905005000011,洗剤,02,日用品,320,1,320
0001,2026-05-05,1,203,4905005000028,ティッシュ5箱,02,日用品,380,1,380
0001,2026-05-05,1,203,4904004000027,缶チューハイ,05,酒類,180,1,180
0001,2026-05-05,2,204,4903003000019,緑茶500ml,04,飲料,140,1,140
0001,2026-05-05,2,205,4901001000031,卵10個,01,食品,240,1,240
0001,2026-05-05,2,205,4905005000011,洗剤,02,日用品,330,1,330
0001,2026-05-05,2,205,4902002000018,ポテトチップス,03,菓子,150,1,150
0001,2026-05-05,1,206,4901001000017,牛乳1L,01,食品,220,1,220
0001,2026-05-05,1,206,4903003000019,緑茶500ml,04,飲料,140,1,140
0001,2026-05-05,3,207,4905005000035,歯ブラシ,02,日用品,290,1,290
0001,2026-05-05,3,208,4902002000025,チョコレート,03,菓子,200,1,200
0001,2026-05-05,1,209,4901001000024,食パン,01,食品,150,1,150
0001,2026-05-05,1,209,4905005000028,ティッシュ5箱,02,日用品,360,2,720
0001,2026-05-05,1,209,4901001000031,卵10個,01,食品,240,1,240
0001,2026-05-05,1,210,4901001000031,卵10個,01,食品,240,1,240
0001,2026-05-05,2,211,4904004000010,ビール350ml,05,酒類,230,1,230
0001,2026-05-05,2,211,4905005000035,歯ブラシ,02,日用品,290,1,290
0001,2026-05-05,3,212,4904004000027,缶チューハイ,05,酒類,200,1,200
0001,2026-05-05,3,212,4901001000024,食パン,01,食品,160,1,160
0001,2026-05-05,3,212,4903003000026,コーラ500ml,04,飲料,160,1,160
0002,2026-05-05,2,178,4902002000018,ポテトチップス,03,菓子,150,2,300
0002,2026-05-05,2,178,4905005000028,ティッシュ5箱,02,日用品,380,1,380
0002,2026-05-05,2,178,4901001000024,食パン,01,食品,160,2,320
0002,2026-05-05,3,179,4901001000024,食パン,01,食品,150,1,150
0002,2026-05-05,3,179,4901001000017,牛乳1L,01,食品,220,1,220
0002,2026-05-05,3,179,4902002000025,チョコレート,03,菓子,200,1,200
0002,2026-05-05,3,180,4901001000024,食パン,01,食品,150,1,150
0002,2026-05-05,3,180,4901001000031,卵10個,01,食品,260,1,260
0002,2026-05-05,3,180,4902002000025,チョコレート,03,菓子,200,1,200
0002,2026-05-05,3,181,4901001000024,食パン,01,食品,150,1,150
0002,2026-05-05,2,182,4904004000010,ビール350ml,05,酒類,230,1,230
0002,2026-05-05,2,182,4901001000031,卵10個,01,食品,240,1,240
0002,2026-05-05,2,182,4905005000035,歯ブラシ,02,日用品,280,1,280
0002,2026-05-05,2,183,4905005000028,ティッシュ5箱,02,日用品,360,1,360
0002,2026-05-05,2,183,4902002000025,チョコレート,03,菓子,200,1,200
0002,2026-05-05,2,183,4901001000017,牛乳1L,01,食品,220,1,220
0002,2026-05-05,2,183,4901001000031,卵10個,01,食品,240,1,240
0002,2026-05-05,2,184,4903003000026,コーラ500ml,04,飲料,160,1,160
0002,2026-05-05,2,184,4904004000010,ビール350ml,05,酒類,230,2,460
0002,2026-05-05,2,184,4902002000025,チョコレート,03,菓子,200,1,200
0002,2026-05-05,2,184,4903003000019,緑茶500ml,04,飲料,140,1,140
0002,2026-05-05,3,185,4904004000010,ビール350ml,05,酒類,230,1,230
0002,2026-05-05,3,186,4902002000025,チョコレート,03,菓子,200,3,600
0002,2026-05-05,3,186,4905005000011,洗剤,02,日用品,320,2,640
0002,2026-05-05,3,186,4903003000026,コーラ500ml,04,飲料,160,1,160
0002,2026-05-05,1,187,4902002000018,ポテトチップス,03,菓子,140,1,140
0002,2026-05-05,1,187,4904004000027,缶チューハイ,05,酒類,180,1,180
0002,2026-05-05,2,188,4904004000010,ビール350ml,05,酒類,240,2,480
0002,2026-05-05,2,188,4903003000026,コーラ500ml,04,飲料,160,1,160
0002,2026-05-05,2,188,4905005000035,歯ブラシ,02,日用品,300,2,600
0002,2026-05-05,3,189,4903003000026,コーラ500ml,04,飲料,160,1,160
0002,2026-05-05,3,189,4901001000017,牛乳1L,01,食品,220,1,220
0002,2026-05-05,3,189,4902002000025,チョコレート,03,菓子,210,1,210
0002,2026-05-05,1,190,4905005000035,歯ブラシ,02,日用品,280,3,840
0002,2026-05-05,1,190,4902002000025,チョコレート,03,菓子,200,1,200
0002,2026-05-05,1,191,4901001000017,牛乳1L,01,食品,220,1,220
0002,2026-05-05,1,191,4901001000024,食パン,01,食品,150,1,150
0002,2026-05-05,2,192,4903003000019,緑茶500ml,04,飲料,140,2,280
0002,2026-05-05,2,192,4905005000028,ティッシュ5箱,02,日用品,360,1,360
0002,2026-05-05,2,192,4901001000017,牛乳1L,01,食品,230,1,230
0002,2026-05-05,1,193,4901001000017,牛乳1L,01,食品,240,3,720
0002,2026-05-05,1,193,4905005000011,洗剤,02,日用品,320,1,320
0002,2026-05-05,1,193,4902002000025,チョコレート,03,菓子,200,1,200
0002,2026-05-05,2,194,4903003000019,緑茶500ml,04,飲料,150,1,150
0002,2026-05-05,2,194,4901001000024,食パン,01,食品,150,1,150
0002,2026-05-05,2,194,4901001000017,牛乳1L,01,食品,240,1,240
0002,2026-05-05,3,195,4902002000025,チョコレート,03,菓子,200,2,400
0002,2026-05-05,3,195,4904004000027,缶チューハイ,05,酒類,200,3,600
0002,2026-05-05,3,195,4903003000026,コーラ500ml,04,飲料,160,1,160
0002,2026-05-05,3,195,4901001000024,食パン,01,食品,160,1,160
0002,2026-05-05,3,196,4903003000026,コーラ500ml,04,飲料,160,1,160
0002,2026-05-05,3,196,4901001000024,食パン,01,食品,160,1,160
0002,2026-05-05,2,197,4901001000031,卵10個,01,食品,250,1,250
0002,2026-05-05,1,198,4901001000031,卵10個,01,食品,240,1,240
0002,2026-05-05,2,199,4902002000025,チョコレート,03,菓子,210,1,210
0002,2026-05-05,2,199,4903003000019,緑茶500ml,04,飲料,150,1,150
0002,2026-05-05,2,199,4904004000027,缶チューハイ,05,酒類,190,2,380
0002,2026-05-05,3,200,4904004000027,缶チューハイ,05,酒類,180,1,180
0002,2026-05-05,3,200,4905005000011,洗剤,02,日用品,320,1,320
0002,2026-05-05,3,200,4901001000017,牛乳1L,01,食品,220,2,440
0002,2026-05-05,2,201,4901001000017,牛乳1L,01,食品,220,1,220
0002,2026-05-05,2,201,4903003000026,コーラ500ml,04,飲料,170,1,170
0002,2026-05-05,1,202,4901001000031,卵10個,01,食品,250,1,250
0002,2026-05-05,1,202,4904004000010,ビール350ml,05,酒類,230,1,230
0002,2026-05-05,1,202,4904004000027,缶チューハイ,05,酒類,190,1,190
0002,2026-05-05,1,202,4903003000019,緑茶500ml,04,飲料,140,1,140
0002,2026-05-05,1,203,4905005000011,洗剤,02,日用品,320,3,960
0002,2026-05-05,2,204,4904004000010,ビール350ml,05,酒類,250,2,500
0002,2026-05-05,1,205,4902002000025,チョコレート,03,菓子,220,1,220
0002,2026-05-05,1,205,4901001000024,食パン,01,食品,160,1,160
0002,2026-05-05,1,205,4905005000011,洗剤,02,日用品,340,1,340
0002,2026-05-05,2,206,4903003000019,緑茶500ml,04,飲料,150,1,150
0002,2026-05-05,2,206,4902002000025,チョコレート,03,菓子,200,1,200
0002,2026-05-05,2,206,4903003000026,コーラ500ml,04,飲料,160,1,160
0002,2026-05-05,2,206,4905005000035,歯ブラシ,02,日用品,300,1,300
0002,2026-05-05,3,207,4901001000024,食パン,01,食品,160,2,320
0002,2026-05-05,3,207,4901001000017,牛乳1L,01,食品,240,1,240
0002,2026-05-05,3,208,4904004000010,ビール350ml,05,酒類,230,1,230
0002,2026-05-05,3,208,4905005000028,ティッシュ5箱,02,日用品,380,1,380
0002,2026-05-05,3,208,4905005000035,歯ブラシ,02,日用品,300,2,600
0002,2026-05-05,1,209,4901001000017,牛乳1L,01,食品,220,1,220
0002,2026-05-05,3,210,4901001000017,牛乳1L,01,食品,220,1,220
0002,2026-05-05,3,210,4902002000018,ポテトチップス,03,菓子,130,1,130
0002,2026-05-05,3,210,4905005000035,歯ブラシ,02,日用品,280,1,280
0002,2026-05-05,3,210,4901001000031,卵10個,01,食品,240,2,480
0002,2026-05-05,3,211,4904004000027,缶チューハイ,05,酒類,200,2,400
0002,2026-05-05,1,212,4904004000027,缶チューハイ,05,酒類,180,3,540
0002,2026-05-05,1,212,4902002000025,チョコレート,03,菓子,220,1,220
0002,2026-05-05,3,213,4905005000028,ティッシュ5箱,02,日用品,360,1,360
0002,2026-05-05,3,213,4902002000025,チョコレート,03,菓子,220,3,660
0002,2026-05-05,3,213,4905005000035,歯ブラシ,02,日用品,280,1,280
0002,2026-05-05,2,214,4905005000011,洗剤,02,日用品,320,1,320
0002,2026-05-05,1,215,4904004000010,ビール350ml,05,酒類,230,1,230
0002,2026-05-05,1,215,4903003000026,コーラ500ml,04,飲料,180,1,180
0002,2026-05-05,3,216,4905005000011,洗剤,02,日用品,320,1,320
0002,2026-05-05,3,217,4904004000010,ビール350ml,05,酒類,240,1,240
0002,2026-05-05,3,217,4902002000018,ポテトチップス,03,菓子,130,1,130
0002,2026-05-05,3,217,4905005000035,歯ブラシ,02,日用品,280,1,280
0002,2026-05-05,1,218,4901001000031,卵10個,01,食品,240,1,240
0002,2026-05-05,1,218,4905005000035,歯ブラシ,02,日用品,290,1,290
0002,2026-05-05,1,218,4905005000011,洗剤,02,日用品,320,1,320
0002,2026-05-05,2,219,4904004000010,ビール350ml,05,酒類,250,1,250
0002,2026-05-05,2,219,4901001000031,卵10個,01,食品,250,1,250
0002,2026-05-05,1,220,4901001000031,卵10個,01,食品,240,1,240
0002,2026-05-05,1,220,4902002000025,チョコレート,03,菓子,210,1,210
0002,2026-05-05,1,220,4902002000018,ポテトチップス,03,菓子,140,1,140
0001,2026-05-06,2,213,4903003000019,緑茶500ml,04,飲料,140,1,140
0001,2026-05-06,2,213,4901001000017,牛乳1L,01,食品,220,1,220
0001,2026-05-06,2,213,4905005000028,ティッシュ5箱,02,日用品,380,1,380
0001,2026-05-06,2,214,4903003000019,緑茶500ml,04,飲料,140,2,280
0001,2026-05-06,1,215,4902002000025,チョコレート,03,菓子,210,1,210
0001,2026-05-06,1,215,4905005000028,ティッシュ5箱,02,日用品,360,1,360
0001,2026-05-06,1,215,4903003000026,コーラ500ml,04,飲料,170,1,170
0001,2026-05-06,1,215,4904004000010,ビール350ml,05,酒類,240,1,240
0001,2026-05-06,2,216,4905005000011,洗剤,02,日用品,330,2,660
0001,2026-05-06,2,216,4904004000010,ビール350ml,05,酒類,230,1,230
0001,2026-05-06,2,216,4901001000017,牛乳1L,01,食品,220,1,220
0001,2026-05-06,2,216,4905005000035,歯ブラシ,02,日用品,300,1,300
0001,2026-05-06,1,217,4904004000027,缶チューハイ,05,酒類,200,1,200
0001,2026-05-06,1,217,4901001000031,卵10個,01,食品,250,1,250
0001,2026-05-06,2,218,4902002000018,ポテトチップス,03,菓子,130,1,130
0001,2026-05-06,3,219,4901001000017,牛乳1L,01,食品,220,2,440
0001,2026-05-06,3,219,4905005000035,歯ブラシ,02,日用品,280,1,280
0001,2026-05-06,1,220,4903003000026,コーラ500ml,04,飲料,170,1,170
0001,2026-05-06,2,221,4905005000011,洗剤,02,日用品,330,1,330
0001,2026-05-06,1,222,4905005000011,洗剤,02,日用品,340,1,340
0001,2026-05-06,1,222,4903003000026,コーラ500ml,04,飲料,160,2,320
0001,2026-05-06,1,223,4905005000028,ティッシュ5箱,02,日用品,380,1,380
0001,2026-05-06,2,224,4904004000010,ビール350ml,05,酒類,230,1,230
0001,2026-05-06,2,224,4902002000018,ポテトチップス,03,菓子,130,1,130
0001,2026-05-06,2,224,4901001000024,食パン,01,食品,150,2,300
0001,2026-05-06,2,224,4901001000031,卵10個,01,食品,250,1,250
0001,2026-05-06,2,225,4903003000026,コーラ500ml,04,飲料,160,3,480
0001,2026-05-06,2,225,4901001000031,卵10個,01,食品,240,2,480
0001,2026-05-06,2,225,4903003000019,緑茶500ml,04,飲料,150,1,150
0001,2026-05-06,2,226,4904004000010,ビール350ml,05,酒類,250,2,500
0001,2026-05-06,2,226,4901001000031,卵10個,01,食品,240,1,240
0001,2026-05-06,2,226,4903003000026,コーラ500ml,04,飲料,160,1,160
0001,2026-05-06,2,226,4901001000024,食パン,01,食品,150,2,300
0001,2026-05-06,1,227,4905005000011,洗剤,02,日用品,320,1,320
0001,2026-05-06,1,227,4904004000010,ビール350ml,05,酒類,230,2,460
0001,2026-05-06,1,227,4901001000031,卵10個,01,食品,240,2,480
0001,2026-05-06,1,228,4903003000019,緑茶500ml,04,飲料,140,1,140
0001,2026-05-06,3,229,4905005000011,洗剤,02,日用品,330,1,330
0001,2026-05-06,3,229,4903003000026,コーラ500ml,04,飲料,160,1,160
0001,2026-05-06,2,230,4903003000026,コーラ500ml,04,飲料,160,1,160
0001,2026-05-06,2,230,4902002000018,ポテトチップス,03,菓子,130,1,130
0001,2026-05-06,2,231,4905005000035,歯ブラシ,02,日用品,300,2,600
0001,2026-05-06,2,231,4905005000028,ティッシュ5箱,02,日用品,360,1,360
0001,2026-05-06,2,231,4902002000025,チョコレート,03,菓子,200,1,200
0001,2026-05-06,3,232,4904004000010,ビール350ml,05,酒類,230,2,460
0001,2026-05-06,3,232,4902002000025,チョコレート,03,菓子,200,1,200
0001,2026-05-06,3,232,4901001000017,牛乳1L,01,食品,220,1,220
0001,2026-05-06,3,232,4901001000024,食パン,01,食品,170,1,170
0001,2026-05-06,3,233,4905005000011,洗剤,02,日用品,320,1,320
0001,2026-05-06,3,233,4905005000028,ティッシュ5箱,02,日用品,360,1,360
0001,2026-05-06,3,234,4902002000018,ポテトチップス,03,菓子,130,1,130
0001,2026-05-06,3,234,4904004000010,ビール350ml,05,酒類,250,2,500
0001,2026-05-06,3,234,4901001000031,卵10個,01,食品,240,1,240
0001,2026-05-06,2,235,4905005000035,歯ブラシ,02,日用品,280,2,560
0001,2026-05-06,2,235,4901001000024,食パン,01,食品,170,1,170
0001,2026-05-06,2,235,4902002000025,チョコレート,03,菓子,200,1,200
0001,2026-05-06,2,235,4901001000031,卵10個,01,食品,240,3,720
0001,2026-05-06,2,236,4904004000027,缶チューハイ,05,酒類,190,2,380
0001,2026-05-06,2,236,4903003000026,コーラ500ml,04,飲料,160,1,160
0001,2026-05-06,2,236,4905005000035,歯ブラシ,02,日用品,300,1,300
0001,2026-05-06,3,237,4903003000019,緑茶500ml,04,飲料,140,1,140
0001,2026-05-06,3,237,4902002000025,チョコレート,03,菓子,210,1,210
0001,2026-05-06,1,238,4901001000017,牛乳1L,01,食品,240,1,240
0001,2026-05-06,3,239,4904004000010,ビール350ml,05,酒類,230,1,230
0001,2026-05-06,3,240,4905005000035,歯ブラシ,02,日用品,280,1,280
0001,2026-05-06,3,240,4903003000019,緑茶500ml,04,飲料,160,1,160
0001,2026-05-06,3,240,4902002000018,ポテトチップス,03,菓子,130,1,130
0001,2026-05-06,3,240,4902002000025,チョコレート,03,菓子,200,1,200
0001,2026-05-06,1,241,4903003000019,緑茶500ml,04,飲料,150,2,300
0001,2026-05-06,1,241,4901001000017,牛乳1L,01,食品,220,1,220
0001,2026-05-06,2,242,4901001000031,卵10個,01,食品,240,1,240
0001,2026-05-06,2,242,4902002000018,ポテトチップス,03,菓子,130,2,260
0001,2026-05-06,2,242,4901001000024,食パン,01,食品,150,1,150
0001,2026-05-06,2,242,4901001000017,牛乳1L,01,食品,230,1,230
0001,2026-05-06,3,243,4901001000024,食パン,01,食品,150,1,150
0001,2026-05-06,2,244,4905005000028,ティッシュ5箱,02,日用品,370,1,370
0001,2026-05-06,1,245,4905005000028,ティッシュ5箱,02,日用品,360,1,360
0001,2026-05-06,2,246,4903003000026,コーラ500ml,04,飲料,160,1,160
0001,2026-05-06,2,246,4905005000028,ティッシュ5箱,02,日用品,360,1,360
0001,2026-05-06,2,247,4901001000017,牛乳1L,01,食品,220,1,220
0001,2026-05-06,2,247,4902002000025,チョコレート,03,菓子,220,1,220
0001,2026-05-06,1,248,4904004000010,ビール350ml,05,酒類,250,2,500
0001,2026-05-06,1,248,4901001000031,卵10個,01,食品,260,1,260
0001,2026-05-06,1,248,4905005000028,ティッシュ5箱,02,日用品,380,1,380
0001,2026-05-06,2,249,4902002000025,チョコレート,03,菓子,200,1,200
0001,2026-05-06,2,249,4905005000035,歯ブラシ,02,日用品,280,2,560
0001,2026-05-06,2,249,4901001000017,牛乳1L,01,食品,230,1,230
0001,2026-05-06,2,250,4902002000018,ポテトチップス,03,菓子,130,1,130
0001,2026-05-06,2,250,4904004000027,缶チューハイ,05,酒類,190,1,190
0001,2026-05-06,2,250,4905005000011,洗剤,02,日用品,340,1,340
0001,2026-05-06,2,250,4905005000028,ティッシュ5箱,02,日用品,370,1,370
0001,2026-05-06,3,251,4901001000024,食パン,01,食品,170,1,170
0001,2026-05-06,3,251,4904004000027,缶チューハイ,05,酒類,190,2,380
0001,2026-05-06,3,251,4903003000026,コーラ500ml,04,飲料,160,1,160
0001,2026-05-06,1,252,4902002000025,チョコレート,03,菓子,200,2,400
0001,2026-05-06,2,253,4903003000019,緑茶500ml,04,飲料,140,1,140
0001,2026-05-06,2,253,4902002000018,ポテトチップス,03,菓子,130,1,130
0001,2026-05-06,2,253,4905005000028,ティッシュ5箱,02,日用品,360,1,360
0001,2026-05-06,2,254,4902002000018,ポテトチップス,03,菓子,130,2,260
0001,2026-05-06,2,254,4905005000028,ティッシュ5箱,02,日用品,360,1,360
0001,2026-05-06,2,255,4905005000028,ティッシュ5箱,02,日用品,360,1,360
0001,2026-05-06,2,255,4904004000027,缶チューハイ,05,酒類,180,1,180
0001,2026-05-06,1,256,4901001000024,食パン,01,食品,150,1,150
0001,2026-05-06,1,256,4904004000010,ビール350ml,05,酒類,250,1,250
0001,2026-05-06,1,256,4901001000017,牛乳1L,01,食品,220,2,440
0001,2026-05-06,3,257,4905005000011,洗剤,02,日用品,340,2,680
0001,2026-05-06,1,258,4905005000011,洗剤,02,日用品,320,1,320
0001,2026-05-06,3,259,4905005000028,ティッシュ5箱,02,日用品,360,2,720
0001,2026-05-06,3,259,4904004000010,ビール350ml,05,酒類,230,1,230
0001,2026-05-06,3,259,4902002000025,チョコレート,03,菓子,200,1,200
0001,2026-05-06,1,260,4904004000027,缶チューハイ,05,酒類,180,1,180
0001,2026-05-06,1,260,4902002000018,ポテトチップス,03,菓子,140,1,140
0001,2026-05-06,1,260,4903003000026,コーラ500ml,04,飲料,160,1,160
0001,2026-05-06,1,260,4901001000024,食パン,01,食品,150,1,150
0001,2026-05-06,2,261,4901001000017,牛乳1L,01,食品,230,1,230
0001,2026-05-06,2,261,4902002000018,ポテトチップス,03,菓子,150,2,300
0001,2026-05-06,2,261,4904004000027,缶チューハイ,05,酒類,190,1,190
0002,2026-05-06,3,221,4901001000031,卵10個,01,食品,250,1,250
0002,2026-05-06,3,221,4905005000035,歯ブラシ,02,日用品,280,1,280
0002,2026-05-06,3,221,4904004000010,ビール350ml,05,酒類,240,1,240
0002,2026-05-06,1,222,4902002000025,チョコレート,03,菓子,200,1,200
0002,2026-05-06,1,222,4904004000010,ビール350ml,05,酒類,250,2,500
0002,2026-05-06,2,223,4904004000010,ビール350ml,05,酒類,230,2,460
0002,2026-05-06,2,223,4905005000035,歯ブラシ,02,日用品,280,1,280
0002,2026-05-06,2,223,4905005000028,ティッシュ5箱,02,日用品,380,1,380
0002,2026-05-06,1,224,4904004000010,ビール350ml,05,酒類,240,1,240
0002,2026-05-06,1,224,4901001000017,牛乳1L,01,食品,220,1,220
0002,2026-05-06,1,224,4902002000025,チョコレート,03,菓子,200,3,600
0002,2026-05-06,1,224,4903003000026,コーラ500ml,04,飲料,160,1,160
0002,2026-05-06,3,225,4904004000010,ビール350ml,05,酒類,230,1,230
0002,2026-05-06,3,225,4905005000028,ティッシュ5箱,02,日用品,370,1,370
0002,2026-05-06,3,225,4904004000027,缶チューハイ,05,酒類,200,1,200
0002,2026-05-06,2,226,4902002000018,ポテトチップス,03,菓子,130,1,130
0002,2026-05-06,2,226,4902002000025,チョコレート,03,菓子,200,1,200
0002,2026-05-06,2,227,4905005000028,ティッシュ5箱,02,日用品,360,1,360
0002,2026-05-06,2,227,4903003000026,コーラ500ml,04,飲料,160,1,160
0002,2026-05-06,3,228,4901001000017,牛乳1L,01,食品,230,1,230
0002,2026-05-06,3,228,4904004000010,ビール350ml,05,酒類,230,1,230
0002,2026-05-06,3,228,4903003000026,コーラ500ml,04,飲料,160,1,160
0002,2026-05-06,3,228,4901001000024,食パン,01,食品,170,1,170
0002,2026-05-06,3,229,4902002000018,ポテトチップス,03,菓子,130,1,130
0002,2026-05-06,3,229,4901001000017,牛乳1L,01,食品,230,1,230
0002,2026-05-06,3,229,4901001000024,食パン,01,食品,150,1,150
0002,2026-05-06,2,230,4901001000031,卵10個,01,食品,240,1,240
0002,2026-05-06,2,230,4902002000018,ポテトチップス,03,菓子,130,1,130
0002,2026-05-06,2,230,4903003000026,コーラ500ml,04,飲料,160,1,160
0002,2026-05-06,3,231,4905005000011,洗剤,02,日用品,320,1,320
0002,2026-05-06,3,231,4901001000017,牛乳1L,01,食品,230,1,230
0002,2026-05-06,3,231,4903003000019,緑茶500ml,04,飲料,150,2,300
0002,2026-05-06,3,232,4902002000018,ポテトチップス,03,菓子,140,1,140
0002,2026-05-06,3,232,4904004000027,缶チューハイ,05,酒類,180,1,180
0002,2026-05-06,3,232,4903003000019,緑茶500ml,04,飲料,140,1,140
0002,2026-05-06,1,233,4901001000017,牛乳1L,01,食品,220,2,440
0002,2026-05-06,1,233,4904004000027,缶チューハイ,05,酒類,180,1,180
0002,2026-05-06,1,233,4905005000028,ティッシュ5箱,02,日用品,370,2,740
0002,2026-05-06,3,234,4901001000024,食パン,01,食品,160,1,160
0002,2026-05-06,3,234,4902002000025,チョコレート,03,菓子,200,2,400
0002,2026-05-06,3,234,4904004000027,缶チューハイ,05,酒類,190,2,380
0002,2026-05-06,3,234,4901001000031,卵10個,01,食品,240,1,240
0002,2026-05-06,3,235,4901001000031,卵10個,01,食品,240,3,720
0002,2026-05-06,3,235,4905005000011,洗剤,02,日用品,320,1,320
0002,2026-05-06,3,236,4904004000010,ビール350ml,05,酒類,240,2,480
0002,2026-05-06,2,237,4905005000011,洗剤,02,日用品,320,2,640
0002,2026-05-06,3,238,4904004000010,ビール350ml,05,酒類,230,2,460
0002,2026-05-06,3,238,4901001000024,食パン,01,食品,150,1,150
0002,2026-05-06,3,238,4905005000028,ティッシュ5箱,02,日用品,360,1,360
0002,2026-05-06,3,238,4903003000026,コーラ500ml,04,飲料,160,1,160
0002,2026-05-06,2,239,4901001000017,牛乳1L,01,食品,220,3,660
0002,2026-05-06,1,240,4903003000019,緑茶500ml,04,飲料,140,1,140
0002,2026-05-06,2,241,4903003000026,コーラ500ml,04,飲料,160,1,160
0002,2026-05-06,2,241,4905005000028,ティッシュ5箱,02,日用品,370,1,370
0002,2026-05-06,2,241,4903003000019,緑茶500ml,04,飲料,160,1,160
0002,2026-05-06,2,241,4902002000018,ポテトチップス,03,菓子,130,1,130
0002,2026-05-06,1,242,4904004000010,ビール350ml,05,酒類,230,1,230
0002,2026-05-06,1,242,4904004000027,缶チューハイ,05,酒類,180,1,180
0002,2026-05-06,1,242,4905005000035,歯ブラシ,02,日用品,280,2,560
0002,2026-05-06,2,243,4904004000027,缶チューハイ,05,酒類,180,1,180
0002,2026-05-06,1,244,4902002000025,チョコレート,03,菓子,200,1,200
0002,2026-05-06,3,245,4902002000025,チョコレート,03,菓子,200,1,200
0002,2026-05-06,3,245,4905005000028,ティッシュ5箱,02,日用品,360,2,720
0002,2026-05-06,1,246,4902002000025,チョコレート,03,菓子,210,3,630
0002,2026-05-06,1,246,4905005000028,ティッシュ5箱,02,日用品,360,1,360
0002,2026-05-06,1,246,4905005000011,洗剤,02,日用品,320,1,320
0002,2026-05-06,2,247,4903003000026,コーラ500ml,04,飲料,180,2,360
0002,2026-05-06,2,247,4905005000011,洗剤,02,日用品,320,1,320
0002,2026-05-06,3,248,4902002000018,ポテトチップス,03,菓子,130,1,130
0002,2026-05-06,1,249,4905005000035,歯ブラシ,02,日用品,280,1,280
0002,2026-05-06,1,249,4904004000027,缶チューハイ,05,酒類,180,1,180
0002,2026-05-06,1,250,4904004000027,缶チューハイ,05,酒類,180,1,180
0002,2026-05-06,1,250,4905005000035,歯ブラシ,02,日用品,290,2,580
0002,2026-05-06,1,250,4903003000026,コーラ500ml,04,飲料,160,1,160
0002,2026-05-06,1,250,4901001000024,食パン,01,食品,170,1,170
0002,2026-05-06,2,251,4901001000017,牛乳1L,01,食品,230,2,460
0002,2026-05-06,2,251,4902002000025,チョコレート,03,菓子,200,1,200
0002,2026-05-06,2,251,4905005000011,洗剤,02,日用品,340,1,340
0002,2026-05-06,2,251,4905005000028,ティッシュ5箱,02,日用品,360,1,360
0002,2026-05-06,2,252,4904004000010,ビール350ml,05,酒類,250,2,500
0002,2026-05-06,2,252,4905005000028,ティッシュ5箱,02,日用品,360,1,360
0002,2026-05-06,1,253,4903003000019,緑茶500ml,04,飲料,140,1,140
0002,2026-05-06,1,254,4902002000025,チョコレート,03,菓子,220,3,660
0002,2026-05-06,1,254,4901001000017,牛乳1L,01,食品,220,3,660
0002,2026-05-06,2,255,4902002000018,ポテトチップス,03,菓子,150,1,150
0002,2026-05-06,2,255,4902002000025,チョコレート,03,菓子,210,1,210
0002,2026-05-06,2,256,4904004000027,缶チューハイ,05,酒類,190,1,190
0002,2026-05-06,2,256,4901001000017,牛乳1L,01,食品,220,2,440
0002,2026-05-06,2,256,4903003000026,コーラ500ml,04,飲料,160,1,160
0002,2026-05-06,3,257,4904004000010,ビール350ml,05,酒類,240,1,240
0002,2026-05-06,3,258,4904004000027,缶チューハイ,05,酒類,180,2,360
0002,2026-05-06,3,258,4903003000026,コーラ500ml,04,飲料,180,1,180
0002,2026-05-06,3,258,4901001000031,卵10個,01,食品,240,1,240
0002,2026-05-06,2,259,4901001000024,食パン,01,食品,150,1,150
0002,2026-05-06,2,260,4904004000010,ビール350ml,05,酒類,230,1,230
0002,2026-05-06,2,260,4901001000031,卵10個,01,食品,240,1,240
0002,2026-05-06,2,260,4905005000035,歯ブラシ,02,日用品,280,2,560
0002,2026-05-06,2,260,4901001000017,牛乳1L,01,食品,220,2,440
0002,2026-05-06,3,261,4901001000024,食パン,01,食品,170,1,170
0002,2026-05-06,3,261,4903003000019,緑茶500ml,04,飲料,140,1,140
0002,2026-05-06,3,261,4903003000026,コーラ500ml,04,飲料,160,1,160
0002,2026-05-06,2,262,4902002000018,ポテトチップス,03,菓子,150,1,150
0002,2026-05-06,2,262,4901001000031,卵10個,01,食品,260,1,260
0002,2026-05-06,1,263,4905005000028,ティッシュ5箱,02,日用品,360,1,360
0001,2026-05-07,1,262,4902002000018,ポテトチップス,03,菓子,130,1,130
0001,2026-05-07,2,263,4902002000018,ポテトチップス,03,菓子,140,1,140
0001,2026-05-07,2,263,4901001000031,卵10個,01,食品,240,1,240
0001,2026-05-07,2,264,4902002000025,チョコレート,03,菓子,220,1,220
0001,2026-05-07,3,265,4905005000028,ティッシュ5箱,02,日用品,370,2,740
0001,2026-05-07,3,266,4905005000035,歯ブラシ,02,日用品,280,1,280
0001,2026-05-07,3,266,4903003000026,コーラ500ml,04,飲料,160,1,160
0001,2026-05-07,3,266,4905005000028,ティッシュ5箱,02,日用品,360,1,360
0001,2026-05-07,1,267,4901001000024,食パン,01,食品,150,2,300
0001,2026-05-07,1,267,4904004000010,ビール350ml,05,酒類,230,2,460
0001,2026-05-07,1,267,4905005000011,洗剤,02,日用品,320,1,320
0001,2026-05-07,1,267,4905005000035,歯ブラシ,02,日用品,280,1,280
0001,2026-05-07,3,268,4902002000018,ポテトチップス,03,菓子,130,1,130
0001,2026-05-07,1,269,4902002000025,チョコレート,03,菓子,200,1,200
0001,2026-05-07,1,270,4904004000010,ビール350ml,05,酒類,240,1,240
0001,2026-05-07,1,270,4901001000031,卵10個,01,食品,240,1,240
0001,2026-05-07,1,270,4903003000019,緑茶500ml,04,飲料,140,1,140
0001,2026-05-07,1,270,4905005000011,洗剤,02,日用品,320,1,320
0001,2026-05-07,3,271,4901001000017,牛乳1L,01,食品,220,1,220
0001,2026-05-07,3,271,4901001000031,卵10個,01,食品,240,1,240
0001,2026-05-07,2,272,4903003000026,コーラ500ml,04,飲料,170,1,170
0001,2026-05-07,2,273,4901001000024,食パン,01,食品,150,1,150
0001,2026-05-07,2,273,4905005000011,洗剤,02,日用品,330,1,330
0001,2026-05-07,2,273,4903003000026,コーラ500ml,04,飲料,160,1,160
0001,2026-05-07,3,274,4901001000017,牛乳1L,01,食品,240,1,240
0001,2026-05-07,3,274,4905005000011,洗剤,02,日用品,340,1,340
0001,2026-05-07,3,274,4903003000026,コーラ500ml,04,飲料,170,1,170
0001,2026-05-07,2,275,4901001000031,卵10個,01,食品,260,2,520
0001,2026-05-07,2,275,4905005000035,歯ブラシ,02,日用品,280,3,840
0001,2026-05-07,1,276,4902002000018,ポテトチップス,03,菓子,130,2,260
0001,2026-05-07,1,276,4904004000010,ビール350ml,05,酒類,250,1,250
0001,2026-05-07,1,276,4901001000017,牛乳1L,01,食品,220,1,220
0001,2026-05-07,1,277,4903003000026,コーラ500ml,04,飲料,180,1,180
0001,2026-05-07,1,277,4901001000031,卵10個,01,食品,250,1,250
0001,2026-05-07,3,278,4905005000028,ティッシュ5箱,02,日用品,370,1,370
0001,2026-05-07,3,279,4904004000027,缶チューハイ,05,酒類,180,1,180
0001,2026-05-07,3,279,4902002000018,ポテトチップス,03,菓子,140,2,280
0001,2026-05-07,3,279,4905005000011,洗剤,02,日用品,320,1,320
0001,2026-05-07,2,280,4901001000017,牛乳1L,01,食品,220,1,220
0001,2026-05-07,3,281,4905005000028,ティッシュ5箱,02,日用品,360,1,360
0001,2026-05-07,3,281,4901001000031,卵10個,01,食品,240,1,240
0001,2026-05-07,1,282,4905005000028,ティッシュ5箱,02,日用品,360,1,360
0001,2026-05-07,1,283,4901001000017,牛乳1L,01,食品,220,1,220
0001,2026-05-07,1,283,4905005000028,ティッシュ5箱,02,日用品,370,3,1110
0001,2026-05-07,1,283,4901001000024,食パン,01,食品,150,1,150
0001,2026-05-07,1,284,4902002000025,チョコレート,03,菓子,200,1,200
0001,2026-05-07,1,284,4904004000010,ビール350ml,05,酒類,230,1,230
0001,2026-05-07,1,284,4901001000024,食パン,01,食品,150,1,150
0001,2026-05-07,2,285,4905005000028,ティッシュ5箱,02,日用品,370,1,370
0001,2026-05-07,2,285,4902002000018,ポテトチップス,03,菓子,150,1,150
0001,2026-05-07,3,286,4905005000035,歯ブラシ,02,日用品,290,1,290
0001,2026-05-07,3,286,4901001000031,卵10個,01,食品,260,1,260
0001,2026-05-07,3,286,4902002000025,チョコレート,03,菓子,200,1,200
0001,2026-05-07,3,286,4901001000024,食パン,01,食品,160,1,160
0001,2026-05-07,2,287,4905005000011,洗剤,02,日用品,340,1,340
0001,2026-05-07,2,287,4903003000026,コーラ500ml,04,飲料,170,1,170
0001,2026-05-07,3,288,4904004000027,缶チューハイ,05,酒類,190,1,190
0001,2026-05-07,3,288,4902002000025,チョコレート,03,菓子,200,1,200
0001,2026-05-07,3,288,4903003000019,緑茶500ml,04,飲料,140,1,140
0001,2026-05-07,2,289,4903003000019,緑茶500ml,04,飲料,160,2,320
0001,2026-05-07,2,289,4902002000018,ポテトチップス,03,菓子,130,1,130
0001,2026-05-07,3,290,4903003000019,緑茶500ml,04,飲料,140,2,280
0001,2026-05-07,3,290,4904004000027,缶チューハイ,05,酒類,180,1,180
0001,2026-05-07,3,290,4901001000031,卵10個,01,食品,240,3,720
0001,2026-05-07,3,290,4901001000017,牛乳1L,01,食品,220,2,440
0001,2026-05-07,3,291,4901001000017,牛乳1L,01,食品,230,1,230
0001,2026-05-07,3,291,4902002000025,チョコレート,03,菓子,210,1,210
0001,2026-05-07,3,291,4903003000019,緑茶500ml,04,飲料,150,1,150
0001,2026-05-07,3,291,4904004000010,ビール350ml,05,酒類,230,1,230
0001,2026-05-07,2,292,4902002000018,ポテトチップス,03,菓子,130,1,130
0001,2026-05-07,2,292,4904004000027,缶チューハイ,05,酒類,190,1,190
0001,2026-05-07,2,293,4904004000027,缶チューハイ,05,酒類,180,2,360
0001,2026-05-07,2,293,4902002000025,チョコレート,03,菓子,210,1,210
0001,2026-05-07,2,293,4903003000026,コーラ500ml,04,飲料,170,1,170
0001,2026-05-07,2,293,4905005000011,洗剤,02,日用品,320,1,320
0001,2026-05-07,3,294,4902002000025,チョコレート,03,菓子,200,1,200
0001,2026-05-07,3,294,4905005000011,洗剤,02,日用品,320,2,640
0001,2026-05-07,3,295,4901001000017,牛乳1L,01,食品,230,1,230
0001,2026-05-07,3,295,4905005000028,ティッシュ5箱,02,日用品,360,1,360
0001,2026-05-07,3,295,4901001000031,卵10個,01,食品,240,1,240
0001,2026-05-07,3,295,4902002000018,ポテトチップス,03,菓子,130,1,130
0001,2026-05-07,1,296,4904004000027,缶チューハイ,05,酒類,180,1,180
0001,2026-05-07,1,296,4905005000011,洗剤,02,日用品,330,2,660
0001,2026-05-07,1,296,4903003000019,緑茶500ml,04,飲料,140,1,140
0001,2026-05-07,2,297,4901001000017,牛乳1L,01,食品,230,1,230
0001,2026-05-07,2,297,4905005000028,ティッシュ5箱,02,日用品,360,1,360
0001,2026-05-07,2,297,4901001000024,食パン,01,食品,160,1,160
0001,2026-05-07,2,297,4904004000010,ビール350ml,05,酒類,250,1,250
0001,2026-05-07,3,298,4904004000010,ビール350ml,05,酒類,230,1,230
0001,2026-05-07,3,299,4904004000027,缶チューハイ,05,酒類,180,1,180
0001,2026-05-07,3,299,4901001000024,食パン,01,食品,160,1,160
0001,2026-05-07,3,299,4905005000035,歯ブラシ,02,日用品,300,1,300
0001,2026-05-07,2,300,4901001000024,食パン,01,食品,160,1,160
0001,2026-05-07,2,300,4903003000026,コーラ500ml,04,飲料,170,1,170
0001,2026-05-07,2,300,4905005000035,歯ブラシ,02,日用品,280,1,280
0001,2026-05-07,2,300,4905005000028,ティッシュ5箱,02,日用品,360,1,360
0001,2026-05-07,3,301,4901001000024,食パン,01,食品,150,3,450
0001,2026-05-07,3,301,4905005000028,ティッシュ5箱,02,日用品,360,1,360
0001,2026-05-07,3,301,4901001000017,牛乳1L,01,食品,220,2,440
0001,2026-05-07,3,301,4905005000035,歯ブラシ,02,日用品,290,1,290
0001,2026-05-07,2,302,4905005000028,ティッシュ5箱,02,日用品,360,1,360
0001,2026-05-07,2,302,4905005000035,歯ブラシ,02,日用品,290,1,290
0001,2026-05-07,2,303,4904004000010,ビール350ml,05,酒類,230,2,460
0001,2026-05-07,2,303,4902002000018,ポテトチップス,03,菓子,130,1,130
0001,2026-05-07,1,304,4905005000011,洗剤,02,日用品,320,1,320
0001,2026-05-07,1,304,4902002000018,ポテトチップス,03,菓子,140,1,140
0001,2026-05-07,2,305,4905005000035,歯ブラシ,02,日用品,280,2,560
0001,2026-05-07,2,305,4902002000018,ポテトチップス,03,菓子,130,1,130
0001,2026-05-07,2,305,4905005000028,ティッシュ5箱,02,日用品,360,1,360
0001,2026-05-07,2,305,4904004000027,缶チューハイ,05,酒類,180,1,180
0001,2026-05-07,1,306,4904004000027,缶チューハイ,05,酒類,180,3,540
0001,2026-05-07,1,306,4902002000018,ポテトチップス,03,菓子,130,1,130
0001,2026-05-07,1,306,4905005000035,歯ブラシ,02,日用品,280,1,280
0001,2026-05-07,1,306,4904004000010,ビール350ml,05,酒類,230,3,690
0002,2026-05-07,3,264,4905005000028,ティッシュ5箱,02,日用品,360,1,360
0002,2026-05-07,3,264,4902002000018,ポテトチップス,03,菓子,130,1,130
0002,2026-05-07,3,264,4902002000025,チョコレート,03,菓子,200,1,200
0002,2026-05-07,3,264,4904004000010,ビール350ml,05,酒類,250,1,250
0002,2026-05-07,2,265,4904004000010,ビール350ml,05,酒類,250,1,250
0002,2026-05-07,2,265,4903003000019,緑茶500ml,04,飲料,150,1,150
0002,2026-05-07,1,266,4902002000025,チョコレート,03,菓子,200,2,400
0002,2026-05-07,1,266,4901001000017,牛乳1L,01,食品,240,1,240
0002,2026-05-07,1,266,4905005000011,洗剤,02,日用品,340,1,340
0002,2026-05-07,1,266,4904004000027,缶チューハイ,05,酒類,190,1,190
0002,2026-05-07,2,267,4901001000017,牛乳1L,01,食品,240,2,480
0002,2026-05-07,2,267,4905005000028,ティッシュ5箱,02,日用品,360,1,360
0002,2026-05-07,2,267,4902002000025,チョコレート,03,菓子,200,2,400
0002,2026-05-07,2,268,4901001000031,卵10個,01,食品,260,1,260
0002,2026-05-07,2,268,4904004000010,ビール350ml,05,酒類,250,2,500
0002,2026-05-07,2,268,4901001000024,食パン,01,食品,150,1,150
0002,2026-05-07,2,268,4903003000026,コーラ500ml,04,飲料,170,1,170
0002,2026-05-07,2,269,4902002000025,チョコレート,03,菓子,200,2,400
0002,2026-05-07,3,270,4903003000019,緑茶500ml,04,飲料,140,2,280
0002,2026-05-07,3,270,4905005000035,歯ブラシ,02,日用品,280,1,280
0002,2026-05-07,2,271,4901001000017,牛乳1L,01,食品,230,1,230
0002,2026-05-07,3,272,4904004000027,缶チューハイ,05,酒類,180,2,360
0002,2026-05-07,3,272,4905005000035,歯ブラシ,02,日用品,280,1,280
0002,2026-05-07,3,272,4902002000025,チョコレート,03,菓子,220,2,440
0002,2026-05-07,3,272,4905005000028,ティッシュ5箱,02,日用品,360,1,360
0002,2026-05-07,3,273,4905005000028,ティッシュ5箱,02,日用品,380,1,380
0002,2026-05-07,3,273,4903003000026,コーラ500ml,04,飲料,170,1,170
0002,2026-05-07,3,273,4904004000010,ビール350ml,05,酒類,230,1,230
0002,2026-05-07,2,274,4901001000024,食パン,01,食品,160,1,160
0002,2026-05-07,1,275,4904004000010,ビール350ml,05,酒類,240,1,240
0002,2026-05-07,1,275,4905005000035,歯ブラシ,02,日用品,280,1,280
0002,2026-05-07,1,275,4904004000027,缶チューハイ,05,酒類,180,1,180
0002,2026-05-07,2,276,4905005000011,洗剤,02,日用品,320,1,320
0002,2026-05-07,2,276,4904004000010,ビール350ml,05,酒類,230,1,230
0002,2026-05-07,2,276,4902002000025,チョコレート,03,菓子,200,2,400
0002,2026-05-07,2,276,4901001000017,牛乳1L,01,食品,220,1,220
0002,2026-05-07,1,277,4904004000027,缶チューハイ,05,酒類,180,3,540
0002,2026-05-07,1,277,4905005000028,ティッシュ5箱,02,日用品,360,1,360
0002,2026-05-07,1,277,4901001000017,牛乳1L,01,食品,240,3,720
0002,2026-05-07,3,278,4905005000035,歯ブラシ,02,日用品,280,1,280
0002,2026-05-07,1,279,4905005000011,洗剤,02,日用品,320,1,320
0002,2026-05-07,1,279,4903003000026,コーラ500ml,04,飲料,160,1,160
0002,2026-05-07,1,279,4902002000025,チョコレート,03,菓子,200,1,200
0002,2026-05-07,3,280,4902002000025,チョコレート,03,菓子,200,1,200
0002,2026-05-07,3,280,4901001000031,卵10個,01,食品,240,2,480
0002,2026-05-07,3,280,4904004000010,ビール350ml,05,酒類,230,1,230
0002,2026-05-07,1,281,4903003000026,コーラ500ml,04,飲料,160,1,160
0002,2026-05-07,1,281,4901001000017,牛乳1L,01,食品,220,1,220
0002,2026-05-07,1,281,4904004000010,ビール350ml,05,酒類,230,3,690
0002,2026-05-07,1,281,4905005000035,歯ブラシ,02,日用品,280,1,280
0002,2026-05-07,2,282,4905005000011,洗剤,02,日用品,320,1,320
0002,2026-05-07,2,283,4902002000025,チョコレート,03,菓子,210,1,210
0002,2026-05-07,2,283,4902002000018,ポテトチップス,03,菓子,130,2,260
0002,2026-05-07,2,283,4903003000019,緑茶500ml,04,飲料,140,1,140
0002,2026-05-07,2,283,4905005000035,歯ブラシ,02,日用品,280,1,280
0002,2026-05-07,2,284,4903003000026,コーラ500ml,04,飲料,180,1,180
0002,2026-05-07,2,285,4903003000026,コーラ500ml,04,飲料,160,1,160
0002,2026-05-07,1,286,4902002000018,ポテトチップス,03,菓子,130,1,130
0002,2026-05-07,1,286,4904004000027,缶チューハイ,05,酒類,180,1,180
0002,2026-05-07,1,286,4904004000010,ビール350ml,05,酒類,240,2,480
0002,2026-05-07,1,286,4901001000024,食パン,01,食品,150,1,150
0002,2026-05-07,1,287,4905005000028,ティッシュ5箱,02,日用品,360,1,360
0002,2026-05-07,1,287,4901001000017,牛乳1L,01,食品,220,1,220
0002,2026-05-07,1,287,4903003000019,緑茶500ml,04,飲料,140,1,140
0002,2026-05-07,2,288,4904004000010,ビール350ml,05,酒類,230,3,690
0002,2026-05-07,1,289,4902002000025,チョコレート,03,菓子,210,1,210
0002,2026-05-07,1,290,4902002000025,チョコレート,03,菓子,200,1,200
0002,2026-05-07,2,291,4902002000018,ポテトチップス,03,菓子,130,1,130
0002,2026-05-07,2,291,4905005000035,歯ブラシ,02,日用品,280,1,280
0002,2026-05-07,1,292,4901001000024,食パン,01,食品,170,1,170
0002,2026-05-07,1,292,4903003000026,コーラ500ml,04,飲料,160,1,160
0002,2026-05-07,1,292,4901001000031,卵10個,01,食品,240,1,240
0002,2026-05-07,1,292,4905005000011,洗剤,02,日用品,330,1,330
0002,2026-05-07,2,293,4904004000010,ビール350ml,05,酒類,230,1,230
0002,2026-05-07,1,294,4901001000031,卵10個,01,食品,240,1,240
0002,2026-05-07,1,294,4902002000018,ポテトチップス,03,菓子,140,1,140
0002,2026-05-07,1,294,4903003000019,緑茶500ml,04,飲料,150,2,300
0002,2026-05-07,1,295,4905005000011,洗剤,02,日用品,320,1,320
0002,2026-05-07,3,296,4904004000027,缶チューハイ,05,酒類,180,2,360
0002,2026-05-07,3,296,4903003000026,コーラ500ml,04,飲料,160,1,160
0002,2026-05-07,3,296,4905005000028,ティッシュ5箱,02,日用品,370,2,740
0002,2026-05-07,3,296,4905005000011,洗剤,02,日用品,340,1,340
0002,2026-05-07,2,297,4904004000010,ビール350ml,05,酒類,240,1,240
0002,2026-05-07,2,297,4901001000017,牛乳1L,01,食品,220,1,220
0002,2026-05-07,2,297,4905005000028,ティッシュ5箱,02,日用品,360,1,360
0002,2026-05-07,3,298,4905005000028,ティッシュ5箱,02,日用品,370,1,370
0002,2026-05-07,3,298,4904004000010,ビール350ml,05,酒類,230,1,230
0002,2026-05-07,3,298,4901001000017,牛乳1L,01,食品,240,1,240
0002,2026-05-07,3,298,4901001000031,卵10個,01,食品,240,2,480
0002,2026-05-07,3,299,4904004000010,ビール350ml,05,酒類,240,1,240
0002,2026-05-07,3,299,4901001000031,卵10個,01,食品,250,1,250
0002,2026-05-07,1,300,4905005000035,歯ブラシ,02,日用品,290,1,290
0002,2026-05-07,1,300,4904004000010,ビール350ml,05,酒類,230,1,230
0002,2026-05-07,1,300,4901001000024,食パン,01,食品,150,1,150
0002,2026-05-07,1,300,4901001000031,卵10個,01,食品,240,1,240
0002,2026-05-07,3,301,4905005000011,洗剤,02,日用品,320,1,320
0002,2026-05-07,1,302,4901001000024,食パン,01,食品,160,2,320
0002,2026-05-07,1,302,4903003000019,緑茶500ml,04,飲料,140,1,140
0002,2026-05-07,1,302,4905005000035,歯ブラシ,02,日用品,300,1,300
0002,2026-05-07,1,303,4901001000017,牛乳1L,01,食品,240,1,240
0002,2026-05-07,2,304,4902002000018,ポテトチップス,03,菓子,140,1,140
0002,2026-05-07,2,304,4901001000031,卵10個,01,食品,260,2,520
0002,2026-05-07,2,304,4904004000010,ビール350ml,05,酒類,240,1,240
0002,2026-05-07,2,304,4901001000017,牛乳1L,01,食品,220,1,220
0002,2026-05-07,3,305,4901001000031,卵10個,01,食品,240,1,240
0002,2026-05-07,3,305,4902002000025,チョコレート,03,菓子,200,1,200
0002,2026-05-07,3,305,4905005000028,ティッシュ5箱,02,日用品,360,1,360
0001,2026-05-01,1,307,4905005000011,洗剤,02,日用品,340,1,340
0001,2026-05-02,2,308,4905005000028,ティッシュ5箱,02,日用品,360,2,720
0001,2026-05-03,3,309,4905005000035,歯ブラシ,02,日用品,290,1,290
0001,2026-05-04,1,310,4902002000018,ポテトチップス,03,菓子,140,2,280
0001,2026-05-05,1,311,4904004000010,ビール350ml,05,酒類,230,1,230
0001,2026-05-05,1,311,4903003000019,緑茶500ml,04,飲料,160,1,160
0001,2026-05-05,1,311,4904004000027,缶チューハイ,05,酒類,200,1,200
0001,2026-05-06,1,312,4902002000025,チョコレート,03,菓子,210,1,210
0001,2026-05-06,1,312,4903003000026,コーラ500ml,04,飲料,170,1,170
0001,2026-05-06,1,312,4901001000024,食パン,01,食品,160,1,160
0001,2026-05-07,1,313,4905005000011,洗剤,02,日用品,320,2,640
